-- phpMyAdmin SQL Dump
-- version 5.2.1
-- https://www.phpmyadmin.net/
--
-- Host: 127.0.0.1
-- Generation Time: Oct 21, 2025 at 08:58 AM
-- Server version: 10.4.32-MariaDB
-- PHP Version: 8.2.12

SET SQL_MODE = "NO_AUTO_VALUE_ON_ZERO";
START TRANSACTION;
SET time_zone = "+00:00";


/*!40101 SET @OLD_CHARACTER_SET_CLIENT=@@CHARACTER_SET_CLIENT */;
/*!40101 SET @OLD_CHARACTER_SET_RESULTS=@@CHARACTER_SET_RESULTS */;
/*!40101 SET @OLD_COLLATION_CONNECTION=@@COLLATION_CONNECTION */;
/*!40101 SET NAMES utf8mb4 */;

--
-- Database: `digikala-market`
--

-- --------------------------------------------------------

--
-- Table structure for table `addresses`
--

CREATE TABLE `addresses` (
  `id` bigint(20) UNSIGNED NOT NULL,
  `mobile` int(11) DEFAULT NULL,
  `postal_code` int(11) DEFAULT NULL,
  `address` text NOT NULL,
  `country_id` bigint(20) UNSIGNED NOT NULL,
  `state_id` bigint(20) UNSIGNED NOT NULL,
  `city_id` bigint(20) UNSIGNED NOT NULL,
  `user_id` bigint(20) UNSIGNED NOT NULL,
  `deleted_at` timestamp NULL DEFAULT NULL,
  `created_at` timestamp NULL DEFAULT NULL,
  `updated_at` timestamp NULL DEFAULT NULL
) ENGINE=InnoDB DEFAULT CHARSET=utf8mb4 COLLATE=utf8mb4_unicode_ci;

-- --------------------------------------------------------

--
-- Table structure for table `admins`
--

CREATE TABLE `admins` (
  `id` bigint(20) UNSIGNED NOT NULL,
  `name` varchar(255) NOT NULL,
  `email` varchar(255) NOT NULL,
  `mobile` varchar(255) NOT NULL,
  `password` varchar(255) NOT NULL,
  `deleted_at` timestamp NULL DEFAULT NULL,
  `created_at` timestamp NULL DEFAULT NULL,
  `updated_at` timestamp NULL DEFAULT NULL
) ENGINE=InnoDB DEFAULT CHARSET=utf8mb4 COLLATE=utf8mb4_unicode_ci;

-- --------------------------------------------------------

--
-- Table structure for table `cache`
--

CREATE TABLE `cache` (
  `key` varchar(255) NOT NULL,
  `value` mediumtext NOT NULL,
  `expiration` int(11) NOT NULL
) ENGINE=InnoDB DEFAULT CHARSET=utf8mb4 COLLATE=utf8mb4_unicode_ci;

-- --------------------------------------------------------

--
-- Table structure for table `cache_locks`
--

CREATE TABLE `cache_locks` (
  `key` varchar(255) NOT NULL,
  `owner` varchar(255) NOT NULL,
  `expiration` int(11) NOT NULL
) ENGINE=InnoDB DEFAULT CHARSET=utf8mb4 COLLATE=utf8mb4_unicode_ci;

-- --------------------------------------------------------

--
-- Table structure for table `carts`
--

CREATE TABLE `carts` (
  `id` bigint(20) UNSIGNED NOT NULL,
  `product_id` bigint(20) UNSIGNED NOT NULL,
  `user_id` bigint(20) UNSIGNED NOT NULL,
  `quantity` int(11) NOT NULL,
  `deleted_at` timestamp NULL DEFAULT NULL,
  `created_at` timestamp NULL DEFAULT NULL,
  `updated_at` timestamp NULL DEFAULT NULL
) ENGINE=InnoDB DEFAULT CHARSET=utf8mb4 COLLATE=utf8mb4_unicode_ci;

-- --------------------------------------------------------

--
-- Table structure for table `categories`
--

CREATE TABLE `categories` (
  `id` bigint(20) UNSIGNED NOT NULL,
  `name` varchar(255) NOT NULL,
  `category_id` bigint(20) UNSIGNED DEFAULT NULL,
  `deleted_at` timestamp NULL DEFAULT NULL,
  `created_at` timestamp NULL DEFAULT NULL,
  `updated_at` timestamp NULL DEFAULT NULL
) ENGINE=InnoDB DEFAULT CHARSET=utf8mb4 COLLATE=utf8mb4_unicode_ci;

--
-- Dumping data for table `categories`
--

INSERT INTO `categories` (`id`, `name`, `category_id`, `deleted_at`, `created_at`, `updated_at`) VALUES
(1, 'موبایل', NULL, NULL, '2025-09-25 16:50:57', '2025-09-25 16:50:57'),
(2, 'گوشی آیفون 2', 1, NULL, '2025-09-25 16:51:09', '2025-09-25 16:51:09'),
(3, 'لوازم خانگی', NULL, NULL, '2025-09-25 16:51:22', '2025-09-25 16:51:22'),
(4, 'یخچال LG', 3, NULL, '2025-09-25 16:51:31', '2025-10-21 06:42:30'),
(5, 'لوازم دیجیتال', NULL, NULL, '2025-09-25 16:51:44', '2025-09-25 16:51:44'),
(6, 'هدفون', 3, NULL, '2025-09-25 16:52:02', '2025-10-21 06:35:10'),
(7, 'گوشی اندروید', 1, NULL, '2025-09-25 16:52:17', '2025-09-25 16:52:17');

-- --------------------------------------------------------

--
-- Table structure for table `category_features`
--

CREATE TABLE `category_features` (
  `id` bigint(20) UNSIGNED NOT NULL,
  `name` varchar(255) NOT NULL,
  `category_id` bigint(20) UNSIGNED DEFAULT NULL,
  `deleted_at` timestamp NULL DEFAULT NULL,
  `created_at` timestamp NULL DEFAULT NULL,
  `updated_at` timestamp NULL DEFAULT NULL
) ENGINE=InnoDB DEFAULT CHARSET=utf8mb4 COLLATE=utf8mb4_unicode_ci;

--
-- Dumping data for table `category_features`
--

INSERT INTO `category_features` (`id`, `name`, `category_id`, `deleted_at`, `created_at`, `updated_at`) VALUES
(4, 'ابعاد', 1, NULL, '2025-09-28 16:33:04', '2025-09-28 16:33:04'),
(5, 'وزن', 1, NULL, '2025-09-28 16:36:43', '2025-09-28 16:36:43'),
(6, 'گارانتی', 1, NULL, '2025-09-28 16:38:16', '2025-09-28 16:38:16'),
(37, 'تراشه', 1, NULL, '2025-09-28 19:13:17', '2025-09-28 19:13:17'),
(38, 'پردازنده‌', 1, NULL, '2025-09-28 19:13:25', '2025-09-28 19:37:25'),
(42, 'حافظه داخلی', 1, NULL, '2025-09-28 19:31:19', '2025-09-28 19:31:19'),
(43, 'استاندارد کارت حافظه', 1, NULL, '2025-09-28 19:31:34', '2025-09-28 19:31:34'),
(46, 'سایز', 3, NULL, '2025-10-21 06:45:51', '2025-10-21 06:45:51');

-- --------------------------------------------------------

--
-- Table structure for table `category_feature_values`
--

CREATE TABLE `category_feature_values` (
  `id` bigint(20) UNSIGNED NOT NULL,
  `name` varchar(255) NOT NULL,
  `category_feature_id` bigint(20) UNSIGNED DEFAULT NULL,
  `deleted_at` timestamp NULL DEFAULT NULL,
  `created_at` timestamp NULL DEFAULT NULL,
  `updated_at` timestamp NULL DEFAULT NULL
) ENGINE=InnoDB DEFAULT CHARSET=utf8mb4 COLLATE=utf8mb4_unicode_ci;

--
-- Dumping data for table `category_feature_values`
--

INSERT INTO `category_feature_values` (`id`, `name`, `category_feature_id`, `deleted_at`, `created_at`, `updated_at`) VALUES
(8, '۱۶۳.۳x۷۶.۶x۸.1 میلی‌متر', 4, NULL, '2025-09-30 16:25:11', '2025-09-30 16:52:54'),
(9, '۱۶۱.۱x۷۵x۸ میلی‌متر', 4, NULL, '2025-09-30 16:26:55', '2025-09-30 16:26:55'),
(10, '۱۶۲.۵x۷۴.۷x۸.۸ میلی‌متر', 4, NULL, '2025-09-30 16:27:13', '2025-09-30 16:27:13'),
(15, '1 ساله', 6, NULL, '2025-09-30 16:56:33', '2025-09-30 16:56:33'),
(16, '2 ساله', 6, NULL, '2025-09-30 16:56:40', '2025-09-30 16:56:40'),
(17, '3 ساله', 6, NULL, '2025-09-30 16:56:44', '2025-09-30 16:56:44'),
(18, '4 ساله', 6, NULL, '2025-09-30 16:56:49', '2025-09-30 16:56:49'),
(19, '۲۱۰ یا ۲۰۵ (متناسب با نوع قاب پشتی) گرم', 5, NULL, '2025-09-30 17:03:38', '2025-09-30 17:03:38'),
(20, ' ۱۷۹ گرم', 5, NULL, '2025-09-30 17:03:51', '2025-09-30 17:03:51'),
(21, ' ۱۸۷ گرم', 5, NULL, '2025-09-30 17:04:00', '2025-09-30 17:04:00'),
(22, ' Qualcomm SM۷۶۳۵ Snapdragon ۷s Gen ۳ (۴ nm)', 37, NULL, '2025-09-30 17:04:39', '2025-09-30 17:04:39'),
(23, ' Mediatek Helio G۹۹ Ultra', 37, NULL, '2025-09-30 17:04:51', '2025-09-30 17:04:51'),
(24, ' Qualcomm Snapdragon ۷s Gen ۲ Chipset', 37, NULL, '2025-09-30 17:05:02', '2025-09-30 17:05:02'),
(25, '۵۱۲ گیگابایت', 42, NULL, '2025-09-30 17:05:54', '2025-09-30 17:05:54'),
(26, ' ۲۵۶ گیگابایت', 42, NULL, '2025-09-30 17:06:05', '2025-09-30 17:06:05'),
(30, 'هشت هسته‌ای (دو هسته ۲.۲ گیگاهرتزی از نوع Cortex A۷۶ - شش هسته ۲.۰ گیگاهرتزی از نوع Cortex A۵۵)', 38, NULL, '2025-09-30 17:08:57', '2025-09-30 17:08:57'),
(32, 'هشت هسته‌ای (دو هسته ۲.۲ گیگاهرتزی از نوع Cortex A۷۶ - شش هسته ۲.۰ گیگاهرتزی از نوع Cortex A۵۵)', 38, NULL, '2025-09-30 17:09:06', '2025-09-30 17:09:06'),
(33, 'یک هسته ۲.۵ گیگاهرتزی از نوع Cortex-A۷۲۰ - سه هسته ۲.۴ گیگاهرتزی از نوع Cortex-A۷۲۰', 38, NULL, '2025-09-30 17:09:12', '2025-09-30 17:10:40'),
(34, 'UFS ۲.۲', 43, NULL, '2025-09-30 17:11:08', '2025-09-30 17:11:08'),
(35, 'UFS 3.3', 43, NULL, '2025-09-30 17:11:42', '2025-09-30 17:11:42'),
(38, '40*50', 46, NULL, '2025-10-21 06:45:59', '2025-10-21 06:45:59'),
(39, '30*40', 46, NULL, '2025-10-21 06:46:05', '2025-10-21 06:46:05');

-- --------------------------------------------------------

--
-- Table structure for table `cities`
--

CREATE TABLE `cities` (
  `id` bigint(20) UNSIGNED NOT NULL,
  `name` varchar(255) NOT NULL,
  `state_id` bigint(20) UNSIGNED NOT NULL,
  `created_at` timestamp NULL DEFAULT NULL,
  `updated_at` timestamp NULL DEFAULT NULL
) ENGINE=InnoDB DEFAULT CHARSET=utf8mb4 COLLATE=utf8mb4_unicode_ci;

--
-- Dumping data for table `cities`
--

INSERT INTO `cities` (`id`, `name`, `state_id`, `created_at`, `updated_at`) VALUES
(1, 'تبریز', 1, NULL, NULL),
(2, 'مراغه', 1, NULL, NULL),
(3, 'مرند', 1, NULL, NULL),
(4, 'اهر', 1, NULL, NULL),
(5, 'شبستر', 1, NULL, NULL),
(6, 'بناب', 1, NULL, NULL),
(7, 'سراب', 1, NULL, NULL),
(8, 'میانه', 1, NULL, NULL),
(9, 'جلفا', 1, NULL, NULL),
(10, 'آذرشهر', 1, NULL, NULL),
(11, 'ارومیه', 2, NULL, NULL),
(12, 'خوی', 2, NULL, NULL),
(13, 'مهاباد', 2, NULL, NULL),
(14, 'میاندوآب', 2, NULL, NULL),
(15, 'بوکان', 2, NULL, NULL),
(16, 'سلماس', 2, NULL, NULL),
(17, 'پیرانشهر', 2, NULL, NULL),
(18, 'نقده', 2, NULL, NULL),
(19, 'سردشت', 2, NULL, NULL),
(20, 'تکاب', 2, NULL, NULL),
(21, 'اردبیل', 3, NULL, NULL),
(22, 'پارس‌آباد', 3, NULL, NULL),
(23, 'مشگین‌شهر', 3, NULL, NULL),
(24, 'خلخال', 3, NULL, NULL),
(25, 'گرمی', 3, NULL, NULL),
(26, 'نمین', 3, NULL, NULL),
(27, 'بیله‌سوار', 3, NULL, NULL),
(28, 'نیر', 3, NULL, NULL),
(29, 'اصفهان', 4, NULL, NULL),
(30, 'کاشان', 4, NULL, NULL),
(31, 'نجف‌آباد', 4, NULL, NULL),
(32, 'خمینی‌شهر', 4, NULL, NULL),
(33, 'شاهین‌شهر', 4, NULL, NULL),
(34, 'زرین‌شهر', 4, NULL, NULL),
(35, 'فلاورجان', 4, NULL, NULL),
(36, 'مبارکه', 4, NULL, NULL),
(37, 'گلپایگان', 4, NULL, NULL),
(38, 'تیران', 4, NULL, NULL),
(39, 'کرج', 5, NULL, NULL),
(40, 'فردیس', 5, NULL, NULL),
(41, 'نظرآباد', 5, NULL, NULL),
(42, 'هشتگرد', 5, NULL, NULL),
(43, 'اشتهارد', 5, NULL, NULL),
(44, 'محمدشهر', 5, NULL, NULL),
(45, 'کمال‌شهر', 5, NULL, NULL),
(46, 'ماهدشت', 5, NULL, NULL),
(47, 'ایلام', 6, NULL, NULL),
(48, 'دهلران', 6, NULL, NULL),
(49, 'آبدانان', 6, NULL, NULL),
(50, 'ایوان', 6, NULL, NULL),
(51, 'دره‌شهر', 6, NULL, NULL),
(52, 'مهران', 6, NULL, NULL),
(53, 'چرداول', 6, NULL, NULL),
(54, 'ملکشاهی', 6, NULL, NULL),
(55, 'بوشهر', 7, NULL, NULL),
(56, 'برازجان', 7, NULL, NULL),
(57, 'کنگان', 7, NULL, NULL),
(58, 'عسلویه', 7, NULL, NULL),
(59, 'جم', 7, NULL, NULL),
(60, 'گناوه', 7, NULL, NULL),
(61, 'دیلم', 7, NULL, NULL),
(62, 'خورموج', 7, NULL, NULL),
(63, 'دیر', 7, NULL, NULL),
(64, 'تهران', 8, NULL, NULL),
(65, 'اسلامشهر', 8, NULL, NULL),
(66, 'شهریار', 8, NULL, NULL),
(67, 'ری', 8, NULL, NULL),
(68, 'ورامین', 8, NULL, NULL),
(69, 'قدس', 8, NULL, NULL),
(70, 'ملارد', 8, NULL, NULL),
(71, 'پردیس', 8, NULL, NULL),
(72, 'دماوند', 8, NULL, NULL),
(73, 'پاکدشت', 8, NULL, NULL),
(74, 'شهرکرد', 9, NULL, NULL),
(75, 'بروجن', 9, NULL, NULL),
(76, 'فرخ‌شهر', 9, NULL, NULL),
(77, 'فارسان', 9, NULL, NULL),
(78, 'سامان', 9, NULL, NULL),
(79, 'بن', 9, NULL, NULL),
(80, 'لردگان', 9, NULL, NULL),
(81, 'اردل', 9, NULL, NULL),
(82, 'جونقان', 9, NULL, NULL),
(83, 'کیان', 9, NULL, NULL),
(84, 'بیرجند', 10, NULL, NULL),
(85, 'قائن', 10, NULL, NULL),
(86, 'طبس', 10, NULL, NULL),
(87, 'فردوس', 10, NULL, NULL),
(88, 'نهبندان', 10, NULL, NULL),
(89, 'سرایان', 10, NULL, NULL),
(90, 'سربیشه', 10, NULL, NULL),
(91, 'بشرویه', 10, NULL, NULL),
(92, 'مشهد', 11, NULL, NULL),
(93, 'نیشابور', 11, NULL, NULL),
(94, 'سبزوار', 11, NULL, NULL),
(95, 'تربت‌حیدریه', 11, NULL, NULL),
(96, 'کاشمر', 11, NULL, NULL),
(97, 'قوچان', 11, NULL, NULL),
(98, 'تربت‌جام', 11, NULL, NULL),
(99, 'چناران', 11, NULL, NULL),
(100, 'گناباد', 11, NULL, NULL),
(101, 'تایباد', 11, NULL, NULL),
(102, 'بجنورد', 12, NULL, NULL),
(103, 'شیروان', 12, NULL, NULL),
(104, 'اسفراین', 12, NULL, NULL),
(105, 'آشخانه', 12, NULL, NULL),
(106, 'جاجرم', 12, NULL, NULL),
(107, 'گرمه', 12, NULL, NULL),
(108, 'ایور', 12, NULL, NULL),
(109, 'راز', 12, NULL, NULL),
(110, 'اهواز', 13, NULL, NULL),
(111, 'آبادان', 13, NULL, NULL),
(112, 'خرمشهر', 13, NULL, NULL),
(113, 'دزفول', 13, NULL, NULL),
(114, 'شوشتر', 13, NULL, NULL),
(115, 'اندیمشک', 13, NULL, NULL),
(116, 'ماهشهر', 13, NULL, NULL),
(117, 'بهبهان', 13, NULL, NULL),
(118, 'شوش', 13, NULL, NULL),
(119, 'ایذه', 13, NULL, NULL),
(120, 'زنجان', 14, NULL, NULL),
(121, 'ابهر', 14, NULL, NULL),
(122, 'قیدار', 14, NULL, NULL),
(123, 'خرمدره', 14, NULL, NULL),
(124, 'ماهنشان', 14, NULL, NULL),
(125, 'سلطانیه', 14, NULL, NULL),
(126, 'آببر', 14, NULL, NULL),
(127, 'سمنان', 15, NULL, NULL),
(128, 'شاهرود', 15, NULL, NULL),
(129, 'دامغان', 15, NULL, NULL),
(130, 'گرمسار', 15, NULL, NULL),
(131, 'مهدی‌شهر', 15, NULL, NULL),
(132, 'آرادان', 15, NULL, NULL),
(133, 'سرخه', 15, NULL, NULL),
(134, 'زاهدان', 16, NULL, NULL),
(135, 'چابهار', 16, NULL, NULL),
(136, 'ایرانشهر', 16, NULL, NULL),
(137, 'زابل', 16, NULL, NULL),
(138, 'سراوان', 16, NULL, NULL),
(139, 'خاش', 16, NULL, NULL),
(140, 'نیک‌شهر', 16, NULL, NULL),
(141, 'کنارک', 16, NULL, NULL),
(142, 'زهک', 16, NULL, NULL),
(143, 'میرجاوه', 16, NULL, NULL),
(144, 'شیراز', 17, NULL, NULL),
(145, 'مرودشت', 17, NULL, NULL),
(146, 'کازرون', 17, NULL, NULL),
(147, 'فسا', 17, NULL, NULL),
(148, 'داراب', 17, NULL, NULL),
(149, 'جهرم', 17, NULL, NULL),
(150, 'لار', 17, NULL, NULL),
(151, 'لامرد', 17, NULL, NULL),
(152, 'نی‌ریز', 17, NULL, NULL),
(153, 'آباده', 17, NULL, NULL),
(154, 'قزوین', 18, NULL, NULL),
(155, 'الوند', 18, NULL, NULL),
(156, 'تاکستان', 18, NULL, NULL),
(157, 'آبیک', 18, NULL, NULL),
(158, 'بوئین‌زهرا', 18, NULL, NULL),
(159, 'محمدیه', 18, NULL, NULL),
(160, 'شریفیه', 18, NULL, NULL),
(161, 'قم', 19, NULL, NULL),
(162, 'سلفچگان', 19, NULL, NULL),
(163, 'کهک', 19, NULL, NULL),
(164, 'قنوات', 19, NULL, NULL),
(165, 'جعفریه', 19, NULL, NULL),
(166, 'سنندج', 20, NULL, NULL),
(167, 'سقز', 20, NULL, NULL),
(168, 'بانه', 20, NULL, NULL),
(169, 'مریوان', 20, NULL, NULL),
(170, 'قروه', 20, NULL, NULL),
(171, 'کامیاران', 20, NULL, NULL),
(172, 'بیجار', 20, NULL, NULL),
(173, 'دهگلان', 20, NULL, NULL),
(174, 'دیواندره', 20, NULL, NULL),
(175, 'کرمان', 21, NULL, NULL),
(176, 'سیرجان', 21, NULL, NULL),
(177, 'رفسنجان', 21, NULL, NULL),
(178, 'جیرفت', 21, NULL, NULL),
(179, 'بم', 21, NULL, NULL),
(180, 'زرند', 21, NULL, NULL),
(181, 'بردسیر', 21, NULL, NULL),
(182, 'کهنوج', 21, NULL, NULL),
(183, 'بافت', 21, NULL, NULL),
(184, 'راور', 21, NULL, NULL),
(185, 'کرمانشاه', 22, NULL, NULL),
(186, 'اسلام‌آباد غرب', 22, NULL, NULL),
(187, 'سنقر', 22, NULL, NULL),
(188, 'صحنه', 22, NULL, NULL),
(189, 'هرسین', 22, NULL, NULL),
(190, 'کنگاور', 22, NULL, NULL),
(191, 'جوانرود', 22, NULL, NULL),
(192, 'سرپل‌ذهاب', 22, NULL, NULL),
(193, 'پاوه', 22, NULL, NULL),
(194, 'گیلانغرب', 22, NULL, NULL),
(195, 'یاسوج', 23, NULL, NULL),
(196, 'دوگنبدان', 23, NULL, NULL),
(197, 'دهدشت', 23, NULL, NULL),
(198, 'باشت', 23, NULL, NULL),
(199, 'سی‌سخت', 23, NULL, NULL),
(200, 'لیکک', 23, NULL, NULL),
(201, 'گرگان', 24, NULL, NULL),
(202, 'گنبد کاووس', 24, NULL, NULL),
(203, 'علی‌آباد', 24, NULL, NULL),
(204, 'بندرترکمن', 24, NULL, NULL),
(205, 'آق‌قلا', 24, NULL, NULL),
(206, 'کلاله', 24, NULL, NULL),
(207, 'مینودشت', 24, NULL, NULL),
(208, 'کردکوی', 24, NULL, NULL),
(209, 'گمیشان', 24, NULL, NULL),
(210, 'رشت', 25, NULL, NULL),
(211, 'بندرانزلی', 25, NULL, NULL),
(212, 'لاهیجان', 25, NULL, NULL),
(213, 'لنگرود', 25, NULL, NULL),
(214, 'رودسر', 25, NULL, NULL),
(215, 'آستانه‌اشرفیه', 25, NULL, NULL),
(216, 'صومعه‌سرا', 25, NULL, NULL),
(217, 'تالش', 25, NULL, NULL),
(218, 'فومن', 25, NULL, NULL),
(219, 'ماسال', 25, NULL, NULL),
(220, 'خرم‌آباد', 26, NULL, NULL),
(221, 'بروجرد', 26, NULL, NULL),
(222, 'دورود', 26, NULL, NULL),
(223, 'الیگودرز', 26, NULL, NULL),
(224, 'کوهدشت', 26, NULL, NULL),
(225, 'نورآباد', 26, NULL, NULL),
(226, 'پلدختر', 26, NULL, NULL),
(227, 'ازنا', 26, NULL, NULL),
(228, 'الشتر', 26, NULL, NULL),
(229, 'ساری', 27, NULL, NULL),
(230, 'بابل', 27, NULL, NULL),
(231, 'آمل', 27, NULL, NULL),
(232, 'قائم‌شهر', 27, NULL, NULL),
(233, 'نوشهر', 27, NULL, NULL),
(234, 'چالوس', 27, NULL, NULL),
(235, 'بهشهر', 27, NULL, NULL),
(236, 'تنکابن', 27, NULL, NULL),
(237, 'بابلسر', 27, NULL, NULL),
(238, 'رامسر', 27, NULL, NULL),
(239, 'اراک', 28, NULL, NULL),
(240, 'ساوه', 28, NULL, NULL),
(241, 'خمین', 28, NULL, NULL),
(242, 'محلات', 28, NULL, NULL),
(243, 'دلیجان', 28, NULL, NULL),
(244, 'شازند', 28, NULL, NULL),
(245, 'تفرش', 28, NULL, NULL),
(246, 'آشتیان', 28, NULL, NULL),
(247, 'مامونیه', 28, NULL, NULL),
(248, 'بندرعباس', 29, NULL, NULL),
(249, 'بندرلنگه', 29, NULL, NULL),
(250, 'میناب', 29, NULL, NULL),
(251, 'قشم', 29, NULL, NULL),
(252, 'جاسک', 29, NULL, NULL),
(253, 'رودان', 29, NULL, NULL),
(254, 'پارسیان', 29, NULL, NULL),
(255, 'حاجی‌آباد', 29, NULL, NULL),
(256, 'سیریک', 29, NULL, NULL),
(257, 'بستک', 29, NULL, NULL),
(258, 'همدان', 30, NULL, NULL),
(259, 'ملایر', 30, NULL, NULL),
(260, 'نهاوند', 30, NULL, NULL),
(261, 'تویسرکان', 30, NULL, NULL),
(262, 'کبودرآهنگ', 30, NULL, NULL),
(263, 'رزن', 30, NULL, NULL),
(264, 'اسدآباد', 30, NULL, NULL),
(265, 'بهار', 30, NULL, NULL),
(266, 'فامنین', 30, NULL, NULL),
(267, 'یزد', 31, NULL, NULL),
(268, 'اردکان', 31, NULL, NULL),
(269, 'میبد', 31, NULL, NULL),
(270, 'بافق', 31, NULL, NULL),
(271, 'مهریز', 31, NULL, NULL),
(272, 'ابرکوه', 31, NULL, NULL),
(273, 'بهاباد', 31, NULL, NULL),
(274, 'هرات', 31, NULL, NULL),
(275, 'مروست', 31, NULL, NULL);

-- --------------------------------------------------------

--
-- Table structure for table `countries`
--

CREATE TABLE `countries` (
  `id` bigint(20) UNSIGNED NOT NULL,
  `name` varchar(255) NOT NULL,
  `created_at` timestamp NULL DEFAULT NULL,
  `updated_at` timestamp NULL DEFAULT NULL
) ENGINE=InnoDB DEFAULT CHARSET=utf8mb4 COLLATE=utf8mb4_unicode_ci;

--
-- Dumping data for table `countries`
--

INSERT INTO `countries` (`id`, `name`, `created_at`, `updated_at`) VALUES
(1, 'آذربایجان', '2025-10-21 06:55:29', '2025-10-21 06:55:29'),
(2, 'آرژانتین', '2025-10-21 06:55:29', '2025-10-21 06:55:29'),
(3, 'آفریقای جنوبی', '2025-10-21 06:55:29', '2025-10-21 06:55:29'),
(4, 'آلبانی', '2025-10-21 06:55:29', '2025-10-21 06:55:29'),
(5, 'آلمان', '2025-10-21 06:55:29', '2025-10-21 06:55:29'),
(6, 'آنگولا', '2025-10-21 06:55:29', '2025-10-21 06:55:29'),
(7, 'اتریش', '2025-10-21 06:55:29', '2025-10-21 06:55:29'),
(8, 'اردن', '2025-10-21 06:55:29', '2025-10-21 06:55:29'),
(9, 'ازبکستان', '2025-10-21 06:55:29', '2025-10-21 06:55:29'),
(10, 'اسپانیا', '2025-10-21 06:55:29', '2025-10-21 06:55:29'),
(11, 'استرالیا', '2025-10-21 06:55:29', '2025-10-21 06:55:29'),
(12, 'استونی', '2025-10-21 06:55:29', '2025-10-21 06:55:29'),
(13, 'افغانستان', '2025-10-21 06:55:29', '2025-10-21 06:55:29'),
(14, 'الجزایر', '2025-10-21 06:55:29', '2025-10-21 06:55:29'),
(15, 'امارات متحده عربی', '2025-10-21 06:55:29', '2025-10-21 06:55:29'),
(16, 'اندونزی', '2025-10-21 06:55:29', '2025-10-21 06:55:29'),
(17, 'اوگاندا', '2025-10-21 06:55:29', '2025-10-21 06:55:29'),
(18, 'اوکراین', '2025-10-21 06:55:29', '2025-10-21 06:55:29'),
(19, 'ایالات متحده آمریکا', '2025-10-21 06:55:29', '2025-10-21 06:55:29'),
(20, 'ایتالیا', '2025-10-21 06:55:29', '2025-10-21 06:55:29'),
(21, 'ایسلند', '2025-10-21 06:55:29', '2025-10-21 06:55:29'),
(22, 'ایران', '2025-10-21 06:55:29', '2025-10-21 06:55:29'),
(23, 'باکستان', '2025-10-21 06:55:29', '2025-10-21 06:55:29'),
(24, 'باهاما', '2025-10-21 06:55:29', '2025-10-21 06:55:29'),
(25, 'بحرین', '2025-10-21 06:55:29', '2025-10-21 06:55:29'),
(26, 'بنگلادش', '2025-10-21 06:55:29', '2025-10-21 06:55:29'),
(27, 'باربادوس', '2025-10-21 06:55:29', '2025-10-21 06:55:29'),
(28, 'بلاروس', '2025-10-21 06:55:29', '2025-10-21 06:55:29'),
(29, 'بلژیک', '2025-10-21 06:55:29', '2025-10-21 06:55:29'),
(30, 'بلیز', '2025-10-21 06:55:29', '2025-10-21 06:55:29'),
(31, 'بنین', '2025-10-21 06:55:29', '2025-10-21 06:55:29'),
(32, 'بوتان', '2025-10-21 06:55:29', '2025-10-21 06:55:29'),
(33, 'بولیوی', '2025-10-21 06:55:29', '2025-10-21 06:55:29'),
(34, 'بوسنی و هرزگوین', '2025-10-21 06:55:29', '2025-10-21 06:55:29'),
(35, 'بوتسوانا', '2025-10-21 06:55:29', '2025-10-21 06:55:29'),
(36, 'برزیل', '2025-10-21 06:55:29', '2025-10-21 06:55:29'),
(37, 'بلغارستان', '2025-10-21 06:55:29', '2025-10-21 06:55:29'),
(38, 'بورکینافاسو', '2025-10-21 06:55:29', '2025-10-21 06:55:29'),
(39, 'بروندی', '2025-10-21 06:55:29', '2025-10-21 06:55:29'),
(40, 'پاپوا گینه نو', '2025-10-21 06:55:29', '2025-10-21 06:55:29'),
(41, 'پاراگوئه', '2025-10-21 06:55:29', '2025-10-21 06:55:29'),
(42, 'پالائو', '2025-10-21 06:55:29', '2025-10-21 06:55:29'),
(43, 'پاناما', '2025-10-21 06:55:29', '2025-10-21 06:55:29'),
(44, 'پرتغال', '2025-10-21 06:55:29', '2025-10-21 06:55:29'),
(45, 'پرو', '2025-10-21 06:55:29', '2025-10-21 06:55:29'),
(46, 'پرتغال', '2025-10-21 06:55:29', '2025-10-21 06:55:29'),
(47, 'پرو', '2025-10-21 06:55:29', '2025-10-21 06:55:29'),
(48, 'تاجیکستان', '2025-10-21 06:55:29', '2025-10-21 06:55:29'),
(49, 'تانزانیا', '2025-10-21 06:55:29', '2025-10-21 06:55:29'),
(50, 'تایلند', '2025-10-21 06:55:29', '2025-10-21 06:55:29'),
(51, 'ترکیه', '2025-10-21 06:55:29', '2025-10-21 06:55:29'),
(52, 'ترکمنستان', '2025-10-21 06:55:29', '2025-10-21 06:55:29'),
(53, 'توگو', '2025-10-21 06:55:29', '2025-10-21 06:55:29'),
(54, 'تونگا', '2025-10-21 06:55:29', '2025-10-21 06:55:29'),
(55, 'ترینیداد و توباگو', '2025-10-21 06:55:29', '2025-10-21 06:55:29'),
(56, 'تونس', '2025-10-21 06:55:29', '2025-10-21 06:55:29'),
(57, 'تووالو', '2025-10-21 06:55:29', '2025-10-21 06:55:29'),
(58, 'جمهوری چک', '2025-10-21 06:55:29', '2025-10-21 06:55:29'),
(59, 'چاد', '2025-10-21 06:55:29', '2025-10-21 06:55:29'),
(60, 'چین', '2025-10-21 06:55:29', '2025-10-21 06:55:29'),
(61, 'دانمارک', '2025-10-21 06:55:29', '2025-10-21 06:55:29'),
(62, 'دومینیکا', '2025-10-21 06:55:29', '2025-10-21 06:55:29'),
(63, 'دومینیکن', '2025-10-21 06:55:29', '2025-10-21 06:55:29'),
(64, 'رواندا', '2025-10-21 06:55:29', '2025-10-21 06:55:29'),
(65, 'روسیه', '2025-10-21 06:55:29', '2025-10-21 06:55:29'),
(66, 'رومانی', '2025-10-21 06:55:29', '2025-10-21 06:55:29'),
(67, 'زامبیا', '2025-10-21 06:55:29', '2025-10-21 06:55:29'),
(68, 'زیمبابوه', '2025-10-21 06:55:29', '2025-10-21 06:55:29'),
(69, 'ژاپن', '2025-10-21 06:55:29', '2025-10-21 06:55:29'),
(70, 'ساحل عاج', '2025-10-21 06:55:29', '2025-10-21 06:55:29'),
(71, 'ساموآ', '2025-10-21 06:55:29', '2025-10-21 06:55:29'),
(72, 'سان مارینو', '2025-10-21 06:55:29', '2025-10-21 06:55:29'),
(73, 'سائوتومه و پرینسیپ', '2025-10-21 06:55:29', '2025-10-21 06:55:29'),
(74, 'سری‌لانکا', '2025-10-21 06:55:29', '2025-10-21 06:55:29'),
(75, 'سنت کیتس و نویس', '2025-10-21 06:55:29', '2025-10-21 06:55:29'),
(76, 'سنت لوسیا', '2025-10-21 06:55:29', '2025-10-21 06:55:29'),
(77, 'سنت وینسنت و گرنادین‌ها', '2025-10-21 06:55:29', '2025-10-21 06:55:29'),
(78, 'سنگال', '2025-10-21 06:55:29', '2025-10-21 06:55:29'),
(79, 'سنگاپور', '2025-10-21 06:55:29', '2025-10-21 06:55:29'),
(80, 'سوئد', '2025-10-21 06:55:29', '2025-10-21 06:55:29'),
(81, 'سویس', '2025-10-21 06:55:29', '2025-10-21 06:55:29'),
(82, 'سومالی', '2025-10-21 06:55:29', '2025-10-21 06:55:29'),
(83, 'سوریه', '2025-10-21 06:55:29', '2025-10-21 06:55:29'),
(84, 'سیرالئون', '2025-10-21 06:55:29', '2025-10-21 06:55:29'),
(85, 'صربستان', '2025-10-21 06:55:29', '2025-10-21 06:55:29'),
(86, 'عراق', '2025-10-21 06:55:29', '2025-10-21 06:55:29'),
(87, 'عربستان سعودی', '2025-10-21 06:55:29', '2025-10-21 06:55:29'),
(88, 'عمان', '2025-10-21 06:55:29', '2025-10-21 06:55:29'),
(89, 'غنا', '2025-10-21 06:55:29', '2025-10-21 06:55:29'),
(90, 'فلسطین', '2025-10-21 06:55:29', '2025-10-21 06:55:29'),
(91, 'فلیپین', '2025-10-21 06:55:29', '2025-10-21 06:55:29'),
(92, 'فنلاند', '2025-10-21 06:55:29', '2025-10-21 06:55:29'),
(93, 'فیجی', '2025-10-21 06:55:29', '2025-10-21 06:55:29'),
(94, 'قرقیزستان', '2025-10-21 06:55:29', '2025-10-21 06:55:29'),
(95, 'قزاقستان', '2025-10-21 06:55:29', '2025-10-21 06:55:29'),
(96, 'قطر', '2025-10-21 06:55:29', '2025-10-21 06:55:29'),
(97, 'کامبوج', '2025-10-21 06:55:29', '2025-10-21 06:55:29'),
(98, 'کامبوج', '2025-10-21 06:55:29', '2025-10-21 06:55:29'),
(99, 'کامرون', '2025-10-21 06:55:29', '2025-10-21 06:55:29'),
(100, 'کانادا', '2025-10-21 06:55:29', '2025-10-21 06:55:29'),
(101, 'کاستاریکا', '2025-10-21 06:55:29', '2025-10-21 06:55:29'),
(102, 'کرواسی', '2025-10-21 06:55:29', '2025-10-21 06:55:29'),
(103, 'کوبا', '2025-10-21 06:55:29', '2025-10-21 06:55:29'),
(104, 'کویت', '2025-10-21 06:55:29', '2025-10-21 06:55:29'),
(105, 'کومور', '2025-10-21 06:55:29', '2025-10-21 06:55:29'),
(106, 'کنگو', '2025-10-21 06:55:29', '2025-10-21 06:55:29'),
(107, 'کنیا', '2025-10-21 06:55:29', '2025-10-21 06:55:29'),
(108, 'کیریباتی', '2025-10-21 06:55:29', '2025-10-21 06:55:29'),
(109, 'گابن', '2025-10-21 06:55:29', '2025-10-21 06:55:29'),
(110, 'گامبیا', '2025-10-21 06:55:29', '2025-10-21 06:55:29'),
(111, 'گرجستان', '2025-10-21 06:55:29', '2025-10-21 06:55:29'),
(112, 'گرنادا', '2025-10-21 06:55:29', '2025-10-21 06:55:29'),
(113, 'گواتمالا', '2025-10-21 06:55:29', '2025-10-21 06:55:29'),
(114, 'گویان', '2025-10-21 06:55:29', '2025-10-21 06:55:29'),
(115, 'گینه', '2025-10-21 06:55:29', '2025-10-21 06:55:29'),
(116, 'گینه بیسائو', '2025-10-21 06:55:29', '2025-10-21 06:55:29'),
(117, 'لائوس', '2025-10-21 06:55:29', '2025-10-21 06:55:29'),
(118, 'لبنان', '2025-10-21 06:55:29', '2025-10-21 06:55:29'),
(119, 'لسوتو', '2025-10-21 06:55:29', '2025-10-21 06:55:29'),
(120, 'لیبریا', '2025-10-21 06:55:29', '2025-10-21 06:55:29'),
(121, 'لیبی', '2025-10-21 06:55:29', '2025-10-21 06:55:29'),
(122, 'لیتوانی', '2025-10-21 06:55:29', '2025-10-21 06:55:29'),
(123, 'لیختن اشتاین', '2025-10-21 06:55:29', '2025-10-21 06:55:29'),
(124, 'لوکزامبورگ', '2025-10-21 06:55:29', '2025-10-21 06:55:29'),
(125, 'مالاوی', '2025-10-21 06:55:29', '2025-10-21 06:55:29'),
(126, 'مالزی', '2025-10-21 06:55:29', '2025-10-21 06:55:29'),
(127, 'مالدیو', '2025-10-21 06:55:29', '2025-10-21 06:55:29'),
(128, 'مالی', '2025-10-21 06:55:29', '2025-10-21 06:55:29'),
(129, 'مالت', '2025-10-21 06:55:29', '2025-10-21 06:55:29'),
(130, 'مجارستان', '2025-10-21 06:55:29', '2025-10-21 06:55:29'),
(131, 'مراکش', '2025-10-21 06:55:29', '2025-10-21 06:55:29'),
(132, 'مغولستان', '2025-10-21 06:55:29', '2025-10-21 06:55:29'),
(133, 'مقدونیه شمالی', '2025-10-21 06:55:29', '2025-10-21 06:55:29'),
(134, 'مکزیک', '2025-10-21 06:55:29', '2025-10-21 06:55:29'),
(135, 'موریتانی', '2025-10-21 06:55:29', '2025-10-21 06:55:29'),
(136, 'موریس', '2025-10-21 06:55:29', '2025-10-21 06:55:29'),
(137, 'موزامبیک', '2025-10-21 06:55:29', '2025-10-21 06:55:29'),
(138, 'مولداوی', '2025-10-21 06:55:29', '2025-10-21 06:55:29'),
(139, 'موناکو', '2025-10-21 06:55:29', '2025-10-21 06:55:29'),
(140, 'مونته‌نگرو', '2025-10-21 06:55:29', '2025-10-21 06:55:29'),
(141, 'میانمار', '2025-10-21 06:55:29', '2025-10-21 06:55:29'),
(142, 'نامیبیا', '2025-10-21 06:55:29', '2025-10-21 06:55:29'),
(143, 'نائورو', '2025-10-21 06:55:29', '2025-10-21 06:55:29'),
(144, 'نپال', '2025-10-21 06:55:29', '2025-10-21 06:55:29'),
(145, 'نیجر', '2025-10-21 06:55:29', '2025-10-21 06:55:29'),
(146, 'نیجریه', '2025-10-21 06:55:29', '2025-10-21 06:55:29'),
(147, 'نروژ', '2025-10-21 06:55:29', '2025-10-21 06:55:29'),
(148, 'نیوزلند', '2025-10-21 06:55:29', '2025-10-21 06:55:29'),
(149, 'هائیتی', '2025-10-21 06:55:29', '2025-10-21 06:55:29'),
(150, 'هند', '2025-10-21 06:55:29', '2025-10-21 06:55:29'),
(151, 'هندوراس', '2025-10-21 06:55:29', '2025-10-21 06:55:29'),
(152, 'هلند', '2025-10-21 06:55:29', '2025-10-21 06:55:29'),
(153, 'یمن', '2025-10-21 06:55:29', '2025-10-21 06:55:29'),
(154, 'یونان', '2025-10-21 06:55:29', '2025-10-21 06:55:29');

-- --------------------------------------------------------

--
-- Table structure for table `delivery_methods`
--

CREATE TABLE `delivery_methods` (
  `id` bigint(20) UNSIGNED NOT NULL,
  `name` varchar(255) NOT NULL,
  `price` int(11) NOT NULL,
  `created_at` timestamp NULL DEFAULT NULL,
  `updated_at` timestamp NULL DEFAULT NULL
) ENGINE=InnoDB DEFAULT CHARSET=utf8mb4 COLLATE=utf8mb4_unicode_ci;

-- --------------------------------------------------------

--
-- Table structure for table `failed_jobs`
--

CREATE TABLE `failed_jobs` (
  `id` bigint(20) UNSIGNED NOT NULL,
  `uuid` varchar(255) NOT NULL,
  `connection` text NOT NULL,
  `queue` text NOT NULL,
  `payload` longtext NOT NULL,
  `exception` longtext NOT NULL,
  `failed_at` timestamp NOT NULL DEFAULT current_timestamp()
) ENGINE=InnoDB DEFAULT CHARSET=utf8mb4 COLLATE=utf8mb4_unicode_ci;

-- --------------------------------------------------------

--
-- Table structure for table `jobs`
--

CREATE TABLE `jobs` (
  `id` bigint(20) UNSIGNED NOT NULL,
  `queue` varchar(255) NOT NULL,
  `payload` longtext NOT NULL,
  `attempts` tinyint(3) UNSIGNED NOT NULL,
  `reserved_at` int(10) UNSIGNED DEFAULT NULL,
  `available_at` int(10) UNSIGNED NOT NULL,
  `created_at` int(10) UNSIGNED NOT NULL
) ENGINE=InnoDB DEFAULT CHARSET=utf8mb4 COLLATE=utf8mb4_unicode_ci;

-- --------------------------------------------------------

--
-- Table structure for table `job_batches`
--

CREATE TABLE `job_batches` (
  `id` varchar(255) NOT NULL,
  `name` varchar(255) NOT NULL,
  `total_jobs` int(11) NOT NULL,
  `pending_jobs` int(11) NOT NULL,
  `failed_jobs` int(11) NOT NULL,
  `failed_job_ids` longtext NOT NULL,
  `options` mediumtext DEFAULT NULL,
  `cancelled_at` int(11) DEFAULT NULL,
  `created_at` int(11) NOT NULL,
  `finished_at` int(11) DEFAULT NULL
) ENGINE=InnoDB DEFAULT CHARSET=utf8mb4 COLLATE=utf8mb4_unicode_ci;

-- --------------------------------------------------------

--
-- Table structure for table `migrations`
--

CREATE TABLE `migrations` (
  `id` int(10) UNSIGNED NOT NULL,
  `migration` varchar(255) NOT NULL,
  `batch` int(11) NOT NULL
) ENGINE=InnoDB DEFAULT CHARSET=utf8mb4 COLLATE=utf8mb4_unicode_ci;

--
-- Dumping data for table `migrations`
--

INSERT INTO `migrations` (`id`, `migration`, `batch`) VALUES
(1, '0001_01_01_000000_create_users_table', 1),
(2, '0001_01_01_000001_create_cache_table', 1),
(3, '0001_01_01_000002_create_jobs_table', 1),
(4, '2025_09_12_171855_create_admins_table', 1),
(5, '2025_09_12_173313_create_sellers_table', 1),
(6, '2025_09_16_195418_create_categories_table', 1),
(7, '2025_09_16_195920_create_category_features_table', 1),
(8, '2025_09_16_200420_create_category_feature_values_table', 1),
(9, '2025_09_16_200643_create_products_table', 1),
(10, '2025_09_16_203503_create_product_feature_values_table', 1),
(11, '2025_09_16_203800_create_delivery_methods_table', 1),
(12, '2025_09_16_203900_create_payment_methods_table', 1),
(13, '2025_09_16_204100_create_countries_table', 1),
(14, '2025_09_16_204200_create_states_table', 1),
(15, '2025_09_16_204300_create_cities_table', 1),
(16, '2025_09_16_204400_create_addresses_table', 1),
(17, '2025_09_16_204903_create_orders_table', 1),
(18, '2025_09_16_205649_create_order_items_table', 1),
(19, '2025_09_16_211138_create_product_images_table', 1),
(20, '2025_09_16_211357_create_product_reviews_table', 1),
(21, '2025_09_16_212052_create_carts_table', 1),
(22, '2025_09_16_213312_create_payments_table', 1),
(23, '2025_10_04_092325_create_seo_items_table', 1);

-- --------------------------------------------------------

--
-- Table structure for table `orders`
--

CREATE TABLE `orders` (
  `id` bigint(20) UNSIGNED NOT NULL,
  `amount` bigint(20) NOT NULL,
  `order_number` varchar(255) NOT NULL,
  `user_id` bigint(20) UNSIGNED NOT NULL,
  `payment_method_id` bigint(20) UNSIGNED NOT NULL,
  `delivery_method_id` bigint(20) UNSIGNED NOT NULL,
  `address_id` bigint(20) UNSIGNED NOT NULL,
  `status` enum('pending','processing','completed','canceled') NOT NULL DEFAULT 'pending',
  `deleted_at` timestamp NULL DEFAULT NULL,
  `created_at` timestamp NULL DEFAULT NULL,
  `updated_at` timestamp NULL DEFAULT NULL
) ENGINE=InnoDB DEFAULT CHARSET=utf8mb4 COLLATE=utf8mb4_unicode_ci;

-- --------------------------------------------------------

--
-- Table structure for table `order_items`
--

CREATE TABLE `order_items` (
  `id` bigint(20) UNSIGNED NOT NULL,
  `quantity` int(11) NOT NULL,
  `price` bigint(20) NOT NULL,
  `order_id` bigint(20) UNSIGNED NOT NULL,
  `product_id` bigint(20) UNSIGNED NOT NULL,
  `deleted_at` timestamp NULL DEFAULT NULL,
  `created_at` timestamp NULL DEFAULT NULL,
  `updated_at` timestamp NULL DEFAULT NULL
) ENGINE=InnoDB DEFAULT CHARSET=utf8mb4 COLLATE=utf8mb4_unicode_ci;

-- --------------------------------------------------------

--
-- Table structure for table `password_reset_tokens`
--

CREATE TABLE `password_reset_tokens` (
  `email` varchar(255) NOT NULL,
  `token` varchar(255) NOT NULL,
  `created_at` timestamp NULL DEFAULT NULL
) ENGINE=InnoDB DEFAULT CHARSET=utf8mb4 COLLATE=utf8mb4_unicode_ci;

-- --------------------------------------------------------

--
-- Table structure for table `payments`
--

CREATE TABLE `payments` (
  `id` bigint(20) UNSIGNED NOT NULL,
  `created_at` timestamp NULL DEFAULT NULL,
  `updated_at` timestamp NULL DEFAULT NULL
) ENGINE=InnoDB DEFAULT CHARSET=utf8mb4 COLLATE=utf8mb4_unicode_ci;

-- --------------------------------------------------------

--
-- Table structure for table `payment_methods`
--

CREATE TABLE `payment_methods` (
  `id` bigint(20) UNSIGNED NOT NULL,
  `name` varchar(255) NOT NULL,
  `created_at` timestamp NULL DEFAULT NULL,
  `updated_at` timestamp NULL DEFAULT NULL
) ENGINE=InnoDB DEFAULT CHARSET=utf8mb4 COLLATE=utf8mb4_unicode_ci;

-- --------------------------------------------------------

--
-- Table structure for table `products`
--

CREATE TABLE `products` (
  `id` bigint(20) UNSIGNED NOT NULL,
  `name` varchar(255) NOT NULL,
  `price` bigint(20) NOT NULL DEFAULT 0,
  `discount` int(11) NOT NULL DEFAULT 0,
  `short_description` text DEFAULT NULL,
  `long_description` longtext DEFAULT NULL,
  `stock` int(11) NOT NULL DEFAULT 0,
  `featured` tinyint(1) NOT NULL DEFAULT 0,
  `discount_duration` timestamp NULL DEFAULT NULL,
  `seller_id` bigint(20) UNSIGNED DEFAULT NULL,
  `category_id` bigint(20) UNSIGNED NOT NULL,
  `p_code` varchar(255) DEFAULT NULL,
  `deleted_at` timestamp NULL DEFAULT NULL,
  `created_at` timestamp NULL DEFAULT NULL,
  `updated_at` timestamp NULL DEFAULT NULL
) ENGINE=InnoDB DEFAULT CHARSET=utf8mb4 COLLATE=utf8mb4_unicode_ci;

--
-- Dumping data for table `products`
--

INSERT INTO `products` (`id`, `name`, `price`, `discount`, `short_description`, `long_description`, `stock`, `featured`, `discount_duration`, `seller_id`, `category_id`, `p_code`, `deleted_at`, `created_at`, `updated_at`) VALUES
(1, 'آیفون ۱۷ اپل، قیمت تمام مدل های گوشی iphone 17', 307999000, 0, 'خرید آیفون ۱۷ اپل، قیمت تمام مدل های گوشی iphone 17', 'لیست قیمت آیفون ۱۷ دیجی کالا؛ برای مشاهده عکس، مشخصات، مقایسه تمام مدل ها و خرید گوشی های آیفون 17 روی لینک بالا بزنید.\n', 10, 1, '2025-10-15 20:30:00', 1, 1, 'dkp-639586', NULL, '2025-10-10 17:03:59', '2025-10-21 06:29:16'),
(2, 'گوشی موبایل اپل مدل iPhone 16e ZAA دو سیم کارت ظرفیت 128 گیگابایت و رم 8 گیگابایت', 76800000, 4, 'خرید اینترنتی گوشی موبایل اپل مدل iPhone 16e ZAA دو سیم کارت ظرفیت 128 گیگابایت و رم 8 گیگابایت به همراه مقایسه، بررسی مشخصات و لیست قیمت امروز در فروشگاه اینترنتی دیجی‌کالا', 'خرید اینترنتی گوشی موبایل اپل مدل iPhone 16e ZAA دو سیم کارت ظرفیت 128 گیگابایت و رم 8 گیگابایت به همراه مقایسه، بررسی مشخصات و لیست قیمت امروز در فروشگاه اینترنتی دیجی‌کالا\n', 3, 1, '2025-10-29 20:30:00', 1, 1, 'dkp-20125088', NULL, '2025-10-10 17:40:53', '2025-10-10 17:40:53'),
(3, 'گوشی موبایل آنر مدل X8c دو سیم کارت ظرفیت 256 گیگابایت و رم 8 گیگابایت', 20500000, 10, 'خرید اینترنتی گوشی موبایل آنر مدل X8c دو سیم کارت ظرفیت 256 گیگابایت و رم 8 گیگابایت با رنگبندی مشکی، سفید، سبز به همراه مقایسه، بررسی مشخصات و لیست قیمت امروز در فروشگاه اینترنتی دیجی‌کالا', 'خرید اینترنتی گوشی موبایل آنر مدل X8c دو سیم کارت ظرفیت 256 گیگابایت و رم 8 گیگابایت با رنگبندی مشکی، سفید، سبز به همراه مقایسه، بررسی مشخصات و لیست قیمت امروز در فروشگاه اینترنتی دیجی‌کالا\n', 3, 0, '2025-10-28 20:30:00', 1, 1, 'dkp-201788', NULL, '2025-10-10 17:47:10', '2025-10-10 17:47:10'),
(4, 'گوشی شیائومی Redmi Note 14 4G رجیستر‌شده دو سیم‌کارت 256 گیگابایت با رم 8 گیگابایت', 185000000, 3, 'خرید اینترنتی گوشی موبایل شیائومی مدل Redmi Note 14 4G دو سیم کارت ظرفیت 256 گیگابایت و رم 8 گیگابایت با رنگبندی مشکی، سبز، آبی، بنفش، طلایی به همراه مقایسه، بررسی مشخصات و لیست قیمت امروز در فروشگاه اینترنتی دیجی‌کالا', 'خرید اینترنتی گوشی موبایل شیائومی مدل Redmi Note 14 4G دو سیم کارت ظرفیت 256 گیگابایت و رم 8 گیگابایت با رنگبندی مشکی، سبز، آبی، بنفش، طلایی به همراه مقایسه، بررسی مشخصات و لیست قیمت امروز در فروشگاه اینترنتی دیجی‌کالا\n', 20, 1, '2025-09-30 20:30:00', 1, 1, 'dkp-201257088', NULL, '2025-10-10 17:50:11', '2025-10-10 17:50:11'),
(5, 'گوشی موبایل سامسونگ مدل Galaxy A10 SM-A105F/DS دو سیم کارت ظرفیت 32 گیگابایت', 93990000, 20, 'خرید آنلاین ، عکس ، قیمت و مشخصات گوشی a10 سامسونگ در فروشگاه اینترنتی دیجی کالا', 'خرید آنلاین ، عکس ، قیمت و مشخصات گوشی a10 سامسونگ در فروشگاه اینترنتی دیجی کالا\n', 6, 1, '2025-10-22 20:30:00', 1, 1, 'dkp-125788', NULL, '2025-10-10 17:52:51', '2025-10-10 17:52:51'),
(6, 'گوشی شیائومی Redmi Note 13 Pro 5G رجیستر‌شده دو سیم‌کارت 512 گیگابایت با رم 12 گیگابایت', 307000000, 0, 'گوشی شیائومی Redmi Note 13 Pro 5G رجیستر‌شده دو سیم‌کارت 512 گیگابایت با رم 12 گیگابایت', 'خرید اینترنتی گوشی موبایل شیائومی مدل Redmi Note 13 Pro 5G دو سیم کارت ظرفیت 512 گیگابایت و رم 12 گیگابایت با رنگبندی بنفش، مشکی به همراه مقایسه، بررسی مشخصات و لیست قیمت امروز در فروشگاه اینترنتی دیجی‌کالا\n', 20, 0, '2025-10-28 20:30:00', 1, 1, 'dkp-201578', NULL, '2025-10-10 17:56:14', '2025-10-10 17:56:14'),
(7, 'گوشی موبایل هوآوی مدل Y9s STK-L21 دو سیم کارت ظرفیت 128 گیگابایت', 20000000, 0, 'خرید اینترنتی گوشی موبایل هوآوی مدل Y9s STK-L21 دو سیم کارت ظرفیت 128 گیگابایت به همراه مقایسه، بررسی مشخصات و لیست قیمت امروز در فروشگاه اینترنتی دیجی‌کالا', 'خرید اینترنتی گوشی موبایل هوآوی مدل Y9s STK-L21 دو سیم کارت ظرفیت 128 گیگابایت به همراه مقایسه، بررسی مشخصات و لیست قیمت امروز در فروشگاه اینترنتی دیجی‌کالا\n', 0, 0, '2025-10-07 20:30:00', 1, 1, 'dkp-39252', NULL, '2025-10-10 17:59:40', '2025-10-21 06:29:01'),
(8, 'هندزفری بلوتوثی بیرداینامیک مدل AMIRON 300', 48000000, 10, 'خرید اینترنتی هندزفری بلوتوثی بیرداینامیک مدل AMIRON 300 با رنگبندی مشکی، کرم به همراه مقایسه، بررسی مشخصات و لیست قیمت امروز در فروشگاه اینترنتی دیجی‌کالا', 'خرید اینترنتی هندزفری بلوتوثی بیرداینامیک مدل AMIRON 300 با رنگبندی مشکی، کرم به همراه مقایسه، بررسی مشخصات و لیست قیمت امروز در فروشگاه اینترنتی دیجی‌کالا\n', 30, 0, '2025-10-22 20:30:00', 1, 5, 'dkp-2088', NULL, '2025-10-10 18:02:19', '2025-10-10 18:02:19'),
(9, 'هدفون بلوتوثی سوموس تل مدل YAS-SH24', 15004200, 10, 'خرید اینترنتی هدفون بلوتوثی سوموس تل مدل YAS-SH24 با رنگبندی نقره ای به همراه مقایسه، بررسی مشخصات و لیست قیمت امروز در فروشگاه اینترنتی دیجی‌کالا', 'خرید اینترنتی هدفون بلوتوثی سوموس تل مدل YAS-SH24 با رنگبندی نقره ای به همراه مقایسه، بررسی مشخصات و لیست قیمت امروز در فروشگاه اینترنتی دیجی‌کالا\n', 40, 1, '2025-10-01 20:30:00', 1, 5, 'dkp-25555788', NULL, '2025-10-10 18:05:14', '2025-10-10 18:05:14'),
(10, 'تلویزیون ال ای دی هوشمند جی پلاس مدل GTV-50MU722S سایز 50 اینچ', 24800000, 20, 'قیمت و خرید تلویزیون ال ای دی هوشمند جی پلاس مدل GTV-50MU722S سایز 50 اینچ', 'خرید اینترنتی تلویزیون ال ای دی هوشمند جی پلاس مدل GTV-50MU722S سایز 50 اینچ به همراه مقایسه، بررسی مشخصات و لیست قیمت امروز در فروشگاه اینترنتی دیجی‌کالا\n', 4, 1, '2025-10-29 20:30:00', 1, 3, 'dkp-597347', NULL, '2025-10-10 18:07:46', '2025-10-21 06:28:47'),
(11, 'تلویزیون کیو ال ای دی هوشمند تی سی ال مدل 65C655 سایز 65 اینچ', 5980000000, 10, 'قیمت و خرید تلویزیون کیو ال ای دی هوشمند تی سی ال مدل 65C655 سایز 65 اینچ', 'تلویزیون گیمینگ کیو ال ای دی QLED تی سی ال مدل 65C655 سایز 65 اینچ با کیفیت تصویر 4K، سیستم‌عامل Android 12، دارای پشتیبانی از زیرنویس فارسی، قابلیت Time Shift، Screen Mirroring، پنل VA، حداکثر نرخ به‌روزرسانی 60 هرتز، پشتیبانی از HDR10 و Dolby Vision\n', 20, 1, '2025-10-30 20:30:00', 1, 3, 'dkp-924675', NULL, '2025-10-10 18:10:11', '2025-10-21 06:28:35'),
(12, 'گوشی موبایل اپل مدل iPhone 16 Plus CH دو سیم کارت ظرفیت 256 گیگابایت و رم 8 گیگابایت - رجیستر شده', 8000000, 0, 'خرید اینترنتی گوشی موبایل اپل مدل iPhone 16 Plus CH دو سیم کارت ظرفیت 256 گیگابایت و رم 8 گیگابایت - رجیستر شده به همراه مقایسه، بررسی مشخصات و لیست قیمت امروز در فروشگاه اینترنتی دیجی‌کالا', 'خرید اینترنتی گوشی موبایل اپل مدل iPhone 16 Plus CH دو سیم کارت ظرفیت 256 گیگابایت و رم 8 گیگابایت - رجیستر شده به همراه مقایسه، بررسی مشخصات و لیست قیمت امروز در فروشگاه اینترنتی دیجی‌کالا\n', 5, 1, '2025-10-08 20:30:00', 1, 1, 'dkp-539456', NULL, '2025-10-10 18:12:39', '2025-10-21 06:28:25');

-- --------------------------------------------------------

--
-- Table structure for table `product_feature_values`
--

CREATE TABLE `product_feature_values` (
  `id` bigint(20) UNSIGNED NOT NULL,
  `product_id` bigint(20) UNSIGNED NOT NULL,
  `category_feature_id` bigint(20) UNSIGNED NOT NULL,
  `category_feature_value_id` bigint(20) UNSIGNED NOT NULL,
  `deleted_at` timestamp NULL DEFAULT NULL,
  `created_at` timestamp NULL DEFAULT NULL,
  `updated_at` timestamp NULL DEFAULT NULL
) ENGINE=InnoDB DEFAULT CHARSET=utf8mb4 COLLATE=utf8mb4_unicode_ci;

--
-- Dumping data for table `product_feature_values`
--

INSERT INTO `product_feature_values` (`id`, `product_id`, `category_feature_id`, `category_feature_value_id`, `deleted_at`, `created_at`, `updated_at`) VALUES
(1, 12, 4, 10, NULL, '2025-10-21 05:29:06', '2025-10-21 06:18:33'),
(2, 12, 5, 19, NULL, '2025-10-21 05:29:06', '2025-10-21 06:55:43'),
(3, 12, 6, 18, NULL, '2025-10-21 05:29:06', '2025-10-21 06:18:45'),
(4, 12, 37, 22, NULL, '2025-10-21 05:29:06', '2025-10-21 05:29:06'),
(5, 12, 38, 30, NULL, '2025-10-21 05:29:06', '2025-10-21 05:29:06'),
(6, 12, 42, 26, NULL, '2025-10-21 05:29:06', '2025-10-21 06:19:03'),
(7, 12, 43, 35, NULL, '2025-10-21 05:29:06', '2025-10-21 06:18:52'),
(8, 7, 4, 10, NULL, '2025-10-21 06:19:51', '2025-10-21 06:30:17'),
(9, 7, 5, 21, NULL, '2025-10-21 06:19:51', '2025-10-21 06:30:24'),
(10, 7, 6, 16, NULL, '2025-10-21 06:19:51', '2025-10-21 06:19:51'),
(11, 7, 37, 22, NULL, '2025-10-21 06:19:51', '2025-10-21 06:19:51'),
(12, 7, 38, 33, NULL, '2025-10-21 06:19:51', '2025-10-21 06:20:01'),
(13, 7, 42, 25, NULL, '2025-10-21 06:19:52', '2025-10-21 06:19:52'),
(14, 7, 43, 34, NULL, '2025-10-21 06:19:52', '2025-10-21 06:19:52'),
(15, 1, 4, 10, NULL, '2025-10-21 06:29:41', '2025-10-21 06:29:41'),
(16, 1, 5, 21, NULL, '2025-10-21 06:29:41', '2025-10-21 06:29:41'),
(17, 1, 6, 18, NULL, '2025-10-21 06:29:41', '2025-10-21 06:29:41'),
(18, 1, 37, 24, NULL, '2025-10-21 06:29:41', '2025-10-21 06:29:41'),
(19, 1, 38, 33, NULL, '2025-10-21 06:29:41', '2025-10-21 06:29:41'),
(20, 1, 42, 26, NULL, '2025-10-21 06:29:41', '2025-10-21 06:29:41'),
(21, 1, 43, 35, NULL, '2025-10-21 06:29:41', '2025-10-21 06:29:41'),
(22, 11, 46, 39, NULL, '2025-10-21 06:47:10', '2025-10-21 06:55:59'),
(23, 10, 46, 39, NULL, '2025-10-21 06:47:18', '2025-10-21 06:47:18');

-- --------------------------------------------------------

--
-- Table structure for table `product_images`
--

CREATE TABLE `product_images` (
  `id` bigint(20) UNSIGNED NOT NULL,
  `path` varchar(255) NOT NULL,
  `is_cover` tinyint(1) NOT NULL DEFAULT 0,
  `product_id` bigint(20) UNSIGNED NOT NULL,
  `deleted_at` timestamp NULL DEFAULT NULL,
  `created_at` timestamp NULL DEFAULT NULL,
  `updated_at` timestamp NULL DEFAULT NULL
) ENGINE=InnoDB DEFAULT CHARSET=utf8mb4 COLLATE=utf8mb4_unicode_ci;

--
-- Dumping data for table `product_images`
--

INSERT INTO `product_images` (`id`, `path`, `is_cover`, `product_id`, `deleted_at`, `created_at`, `updated_at`) VALUES
(1, 'bgiVKavVO7XnS37cm5WDVg12dg5L4YXDCbRv3nJF.webp', 0, 1, NULL, '2025-10-10 17:03:59', '2025-10-10 17:03:59'),
(2, 'SxUrcLXTdYUcZmNwfAB8XNZyRKrpL2AE62FsEBHT.webp', 0, 1, NULL, '2025-10-10 17:03:59', '2025-10-10 17:03:59'),
(3, 'gD1ZleV4Ba7X0FxZlmvhstwwhZSfBkMstCUvf7ys.webp', 0, 1, NULL, '2025-10-10 17:03:59', '2025-10-10 17:03:59'),
(4, 'jo2ASvVnOAbobOQglxTKHQ059noruKYvXqSyJo2S.webp', 1, 1, NULL, '2025-10-10 17:03:59', '2025-10-10 17:03:59'),
(5, 'CQPcJrv9Q8bZuXxeiIZHOnXoEzhnH3F8tF3ZJGkO.webp', 0, 1, NULL, '2025-10-10 17:03:59', '2025-10-10 17:03:59'),
(6, '6xSbBRzOKMYf65THueSxs4WNKtfeR8Y8pTQMMN23.webp', 0, 2, NULL, '2025-10-10 17:40:53', '2025-10-10 17:40:53'),
(7, 'lIc8M3X3UIjFpEVMHFCw5Azwn6b90s0bpM76807U.webp', 0, 2, NULL, '2025-10-10 17:40:53', '2025-10-10 17:40:53'),
(8, 'MgMLwZeb1w6NLayg9OAC1qROEsoPUoieIgQSChk6.webp', 0, 2, NULL, '2025-10-10 17:40:53', '2025-10-10 17:40:53'),
(9, 'qXkpIRhbojF1GbKzWVPQda3DsQRIMIpNABUsp5ro.webp', 1, 2, NULL, '2025-10-10 17:40:53', '2025-10-10 17:40:53'),
(10, '5nF3iL81V2clI9oNbTnhc6eqHYjv4E9eyN9sdqMI.webp', 0, 2, NULL, '2025-10-10 17:40:53', '2025-10-10 17:40:53'),
(11, 'Esrs4228WypV6ixL3fqPjrDxFMA73MHjDLQscD3m.webp', 0, 2, NULL, '2025-10-10 17:40:53', '2025-10-10 17:40:53'),
(12, 'EE8BbF03XzrRgrADmiyx21fIrNvVPv3NDd1o4Q2K.webp', 0, 2, NULL, '2025-10-10 17:40:53', '2025-10-10 17:40:53'),
(13, 'kh0QaRn4ryNnScA3mR6BM6KzQm6RnhPxpV2mXOS3.webp', 0, 2, NULL, '2025-10-10 17:40:53', '2025-10-10 17:40:53'),
(14, 'lxju83Lo87BV6kfMsBK1cQZiMzKhoirBRZQA4kGA.webp', 0, 3, NULL, '2025-10-10 17:47:10', '2025-10-10 17:47:10'),
(15, '2XisqoCYYXxONkt8OMC65kjNse2UZB761OqGqPkV.webp', 0, 3, NULL, '2025-10-10 17:47:10', '2025-10-10 17:47:10'),
(16, 'PtPXT3DghnUuLMfXaPmyXwRRKb6vkHVB0oThL7uZ.webp', 0, 3, NULL, '2025-10-10 17:47:10', '2025-10-10 17:47:10'),
(17, 'tIEtOdt6hDNrapJxNoPPjtfmGoyD1WRPMRm68yrD.webp', 0, 3, NULL, '2025-10-10 17:47:10', '2025-10-10 17:47:10'),
(18, 'L2DOqEqiSidUIE16PQPRR903PJvahg3QcchZcvUW.webp', 1, 3, NULL, '2025-10-10 17:47:10', '2025-10-10 17:47:10'),
(19, 'neUdUTFWd1tcEZnfHKiiSZoP6eUHLlEaQdju0Q1e.webp', 0, 4, NULL, '2025-10-10 17:50:11', '2025-10-10 17:50:11'),
(20, 'JGzVAWWQnEym6cT5DuBb5bBocKA3t1BMjwegk4p6.webp', 1, 4, NULL, '2025-10-10 17:50:11', '2025-10-10 17:50:11'),
(21, '4L9f3rVwa2p0uIf6dEs4Hz9G086vU51RQrh00wCV.webp', 0, 4, NULL, '2025-10-10 17:50:11', '2025-10-10 17:50:11'),
(22, 'cvBu3yneDFAn9Aim9P31CsNF1tYg0Xhl67XSz1b3.webp', 0, 4, NULL, '2025-10-10 17:50:11', '2025-10-10 17:50:11'),
(23, '0qekoZfEX7yp0UwTWwORmMGLPfni0CtMNOrdHtuH.webp', 0, 4, NULL, '2025-10-10 17:50:11', '2025-10-10 17:50:11'),
(24, 'vMZOIEnH0EtvyznkuEL0dHlYujKm5ZA89wpzqCdc.webp', 0, 4, NULL, '2025-10-10 17:50:11', '2025-10-10 17:50:11'),
(25, 'DZbwB7IgM8JGsumk91yQAHjkIEBK2rBsPYgBtxL3.webp', 0, 5, NULL, '2025-10-10 17:52:51', '2025-10-10 17:52:51'),
(26, 'p7JA2QSOjUNh7qdIrgzjJrn56eWF0i3hFZ8uuQXw.webp', 0, 5, NULL, '2025-10-10 17:52:51', '2025-10-10 17:52:51'),
(27, 'e6oO1EVwupHL9gfGulYt0hf0WvTegJnwBGylz0eb.webp', 1, 5, NULL, '2025-10-10 17:52:51', '2025-10-10 17:52:51'),
(28, 'dAZPGd7busK4yMBB8cKjvyz4w7I3c1PCed4lMETL.webp', 0, 5, NULL, '2025-10-10 17:52:51', '2025-10-10 17:52:51'),
(29, 'Ovu7gX2hpkl44jVGaFmmWoM2dTUUNB2MLJyqW5Hk.webp', 0, 5, NULL, '2025-10-10 17:52:51', '2025-10-10 17:52:51'),
(30, 'F1Jp9tGkxmn51jVuBpFLqnYCGN2LahMeBAvq0y5G.webp', 0, 5, NULL, '2025-10-10 17:52:51', '2025-10-10 17:52:51'),
(31, 'CnqCJEtUjO8WlNVv9vzBqRWk7mc3eC3KllzFio54.webp', 0, 6, NULL, '2025-10-10 17:56:15', '2025-10-10 17:56:15'),
(32, 'wpEcEKvVcErOMpp9Uda7qvi8PR82ryf4fpg9AjfL.webp', 0, 6, NULL, '2025-10-10 17:56:15', '2025-10-10 17:56:15'),
(33, 'SEBoDPGMOzbj88Ehx311weRTog22BI4AzHgVlE0m.webp', 0, 6, NULL, '2025-10-10 17:56:15', '2025-10-10 17:56:15'),
(34, 'UgVdvWYdFZHCmVFR3gNjYSOcDnH7EWZ0cmKyIN57.webp', 0, 6, NULL, '2025-10-10 17:56:15', '2025-10-10 17:56:15'),
(35, 'sLesvjDFMN5TPU5LU8Dc0ZwEwe0BMiQMxM9HMvwb.webp', 1, 6, NULL, '2025-10-10 17:56:15', '2025-10-10 17:56:15'),
(36, '6fd4LIInTbG0RvwiLgsinWVHveSeodgCuoqT0ccZ.webp', 0, 7, NULL, '2025-10-10 17:59:40', '2025-10-10 17:59:40'),
(37, 'dEK7OrTaGr6ShXk3cLKGJCev5Z4lVxv8KeFlVbd1.webp', 0, 7, NULL, '2025-10-10 17:59:40', '2025-10-10 17:59:40'),
(38, '154OK977rmycqDgAkIPbTAuss9lmVoDxx0GZ6PYM.webp', 0, 7, NULL, '2025-10-10 17:59:40', '2025-10-10 17:59:40'),
(39, 'GFVll1cBi3Ks93FKAr6AJHFxAvQcibpmH53kxfRP.webp', 1, 7, NULL, '2025-10-10 17:59:40', '2025-10-10 17:59:40'),
(40, 'vipcPLbCRAjNpgMXzh4AMelC3TgC4wrfzKHYUTNi.webp', 0, 7, NULL, '2025-10-10 17:59:40', '2025-10-10 17:59:40'),
(41, 'xbNpWi2DMxgBPRXbFkx1u63nNr51CzY1smoI05Mk.webp', 0, 7, NULL, '2025-10-10 17:59:40', '2025-10-10 17:59:40'),
(42, 'mzil5fdV98XlucSdG6WyyllE18mTAPAHhPcCDMvl.webp', 0, 8, NULL, '2025-10-10 18:02:19', '2025-10-10 18:02:19'),
(43, 'h6dXiqBAySLoU5k4AaTFgM3BO1hf7PxGf9D3Xeee.webp', 0, 8, NULL, '2025-10-10 18:02:19', '2025-10-10 18:02:19'),
(44, 'Pg8AGKruJBduVTYAUQxniUWBYv7RDOZbvd6nzj4H.webp', 0, 8, NULL, '2025-10-10 18:02:19', '2025-10-10 18:02:19'),
(45, '5OwXNneepRHLB3vW1qf2g8uTujYshlRGibxNW8b2.webp', 0, 8, NULL, '2025-10-10 18:02:19', '2025-10-10 18:02:19'),
(46, '634Cjok88Lfz0fZVKFtXIlMnF35vPM5Y1ZvnpxBC.webp', 1, 8, NULL, '2025-10-10 18:02:19', '2025-10-10 18:02:19'),
(47, '6LrFcYOngdp73ku3eGWbhqSgIWTJgW5Vb0D96CEf.webp', 0, 9, NULL, '2025-10-10 18:05:14', '2025-10-10 18:05:14'),
(48, 'piqVka8a3sV5N4Smbhv8tzCrr9BbNPG0fOvlJuJ6.webp', 0, 9, NULL, '2025-10-10 18:05:14', '2025-10-10 18:05:14'),
(49, 'H6nDjozDizU1wiRq7MsCIy0XICG2ZjjqGDLxGtb6.webp', 0, 9, NULL, '2025-10-10 18:05:14', '2025-10-10 18:05:14'),
(50, 'DTmgSSNf9RebA36hy2dARvR93VMXjuyTL1R1Dosv.webp', 1, 9, NULL, '2025-10-10 18:05:14', '2025-10-10 18:05:14'),
(51, 'dqoBA56wH1v5eoj9b7czbSxucYnExJDLN2FyPUdT.webp', 1, 10, NULL, '2025-10-10 18:07:46', '2025-10-10 18:07:46'),
(52, 'S4MDY5IPCxVEaLuJ92tjiX92HSHDACVe8XjdlY02.webp', 0, 10, NULL, '2025-10-10 18:07:46', '2025-10-10 18:07:46'),
(53, 'gIKE1UMIb7JJa4ZpVln1v5JcHb4XsQJKMoOmmgMA.webp', 0, 10, NULL, '2025-10-10 18:07:46', '2025-10-10 18:07:46'),
(54, 'gu2CeCEHRymYcMbyW6eoGuAQFawNrLbix0DkobT7.webp', 0, 11, NULL, '2025-10-10 18:10:11', '2025-10-10 18:10:11'),
(55, 'OmiGNxjvlDWwCtk0g0JELl9mOWZAmcRBtu6GA6nM.webp', 1, 11, NULL, '2025-10-10 18:10:11', '2025-10-10 18:10:11'),
(56, 'WzvJ0yEs5RPYw31wUI8khI1jPQ5wqEAbd2jDMB40.webp', 0, 11, NULL, '2025-10-10 18:10:11', '2025-10-10 18:10:11'),
(57, 'jzNWFTgVSRTMBMADxvpjDsqHWiFN1Wv7t7J8Prmf.webp', 0, 11, NULL, '2025-10-10 18:10:11', '2025-10-10 18:10:11'),
(58, 'OhTlF3uNNDEsVuAYevm2TDZtFrJDV4NDM6f0fZHl.webp', 0, 11, NULL, '2025-10-10 18:10:11', '2025-10-10 18:10:11'),
(59, 'kZ5MXluMeq30G0I7gVCs5B2nFjA9JJ2JdxCcsyOQ.webp', 0, 11, NULL, '2025-10-10 18:10:11', '2025-10-10 18:10:11'),
(60, 'bmyVc0ue9lYz2U9SvXLlOlVFrTMsPR0n9pCy9dCi.webp', 0, 11, NULL, '2025-10-10 18:10:11', '2025-10-10 18:10:11'),
(61, 'qYbZ4qIdAZiWwJqvZuJF5r7xGXgb59lhUtfVTYoI.webp', 0, 11, NULL, '2025-10-10 18:10:11', '2025-10-10 18:10:11'),
(62, 'WJss8roSsp1uibykigXEnOw09D8xOQqHQOHeJF2D.webp', 0, 11, NULL, '2025-10-10 18:10:11', '2025-10-10 18:10:11'),
(63, 'a1e3cRc5reXwhWA7kfi0V7oEQWe4VpHWqHLxS7da.webp', 0, 12, NULL, '2025-10-10 18:12:39', '2025-10-10 18:12:39'),
(64, '1zloYLTkE58rL3QTimRawmnzEHkhSCCDEnQWeblp.webp', 0, 12, NULL, '2025-10-10 18:12:39', '2025-10-10 18:12:39'),
(65, 'ttEjkSY9dn8Nxf5lRkwlHBwhS1WWUQXWltvjxXrc.webp', 1, 12, NULL, '2025-10-10 18:12:39', '2025-10-10 18:12:39'),
(66, 'PPPNqa6IPFkQgtMecLts4rsclPL7zrSTAZhSNWVY.webp', 0, 12, NULL, '2025-10-10 18:12:39', '2025-10-10 18:12:39'),
(67, '9u6aEWwhOGFjWi9UU0OFbG6vsnzsIuN3gcaOFbuX.webp', 0, 12, NULL, '2025-10-10 18:12:39', '2025-10-10 18:12:39'),
(68, 'xhDDjDrKZJwpYScYHVLa2boLu8mgVn0VgWUQC1ZZ.webp', 0, 12, NULL, '2025-10-10 18:12:39', '2025-10-10 18:12:39'),
(69, '3OtqPGZt0lGjPpoM1Bt6MJ0yBKawhLyvxnRfJnV4.webp', 0, 12, NULL, '2025-10-10 18:12:39', '2025-10-10 18:12:39');

-- --------------------------------------------------------

--
-- Table structure for table `product_reviews`
--

CREATE TABLE `product_reviews` (
  `id` bigint(20) UNSIGNED NOT NULL,
  `comment` text NOT NULL,
  `rating` int(11) NOT NULL,
  `status` enum('pending','approved','rejected') NOT NULL DEFAULT 'pending',
  `product_id` bigint(20) UNSIGNED NOT NULL,
  `user_id` bigint(20) UNSIGNED NOT NULL,
  `deleted_at` timestamp NULL DEFAULT NULL,
  `created_at` timestamp NULL DEFAULT NULL,
  `updated_at` timestamp NULL DEFAULT NULL
) ENGINE=InnoDB DEFAULT CHARSET=utf8mb4 COLLATE=utf8mb4_unicode_ci;

-- --------------------------------------------------------

--
-- Table structure for table `sellers`
--

CREATE TABLE `sellers` (
  `id` bigint(20) UNSIGNED NOT NULL,
  `name` varchar(255) NOT NULL,
  `shop_name` varchar(255) NOT NULL,
  `phone` varchar(11) NOT NULL,
  `mobile` varchar(11) NOT NULL,
  `description` text DEFAULT NULL,
  `address` varchar(255) NOT NULL,
  `deleted_at` timestamp NULL DEFAULT NULL,
  `created_at` timestamp NULL DEFAULT NULL,
  `updated_at` timestamp NULL DEFAULT NULL
) ENGINE=InnoDB DEFAULT CHARSET=utf8mb4 COLLATE=utf8mb4_unicode_ci;

--
-- Dumping data for table `sellers`
--

INSERT INTO `sellers` (`id`, `name`, `shop_name`, `phone`, `mobile`, `description`, `address`, `deleted_at`, `created_at`, `updated_at`) VALUES
(1, 'کوروش', 'فروشگاه کوروش', '0212227434', '09192873192', 'فروشگاه بین المللی کوروش', '', NULL, NULL, NULL),
(2, 'البرز', 'فروشگاه البرز', '0212227434', '09192873192', 'فروشگاه بین المللی البرز', '', NULL, NULL, NULL);

-- --------------------------------------------------------

--
-- Table structure for table `seo_items`
--

CREATE TABLE `seo_items` (
  `id` bigint(20) UNSIGNED NOT NULL,
  `slug` varchar(255) NOT NULL,
  `meta_title` varchar(255) NOT NULL,
  `meta_description` text NOT NULL,
  `type` varchar(255) NOT NULL,
  `ref_id` bigint(20) UNSIGNED NOT NULL,
  `deleted_at` timestamp NULL DEFAULT NULL,
  `created_at` timestamp NULL DEFAULT NULL,
  `updated_at` timestamp NULL DEFAULT NULL
) ENGINE=InnoDB DEFAULT CHARSET=utf8mb4 COLLATE=utf8mb4_unicode_ci;

--
-- Dumping data for table `seo_items`
--

INSERT INTO `seo_items` (`id`, `slug`, `meta_title`, `meta_description`, `type`, `ref_id`, `deleted_at`, `created_at`, `updated_at`) VALUES
(1, 'خرید-آیفون-۱۷-اپل-قیمت-تمام-مدل-های-گوشی-iphone-17', 'خرید آیفون ۱۷ اپل، قیمت تمام مدل های گوشی iphone 17', 'لیست قیمت آیفون ۱۷ دیجی کالا؛ برای مشاهده عکس، مشخصات، مقایسه تمام مدل ها و خرید گوشی های آیفون 17 روی لینک بالا بزنید.\n', 'product', 1, NULL, '2025-10-10 17:03:59', '2025-10-10 17:03:59'),
(2, 'گوشی-موبایل-اپل-مدل-iphone-16e-zaa-دو-سیم-کارت-ظرفیت-128-گیگابایت-و-رم-8-گیگابایت', 'خرید اینترنتی گوشی موبایل اپل مدل iPhone 16e ZAA دو سیم کارت ظرفیت 128 گیگابایت و رم 8 گیگابایت به همراه مقایسه، بررسی مشخصات و لیست قیمت امروز در فروشگاه اینترنتی دیجی‌کالا', 'خرید اینترنتی گوشی موبایل اپل مدل iPhone 16e ZAA دو سیم کارت ظرفیت 128 گیگابایت و رم 8 گیگابایت به همراه مقایسه، بررسی مشخصات و لیست قیمت امروز در فروشگاه اینترنتی دیجی‌کالا\n', 'product', 2, NULL, '2025-10-10 17:40:53', '2025-10-10 17:40:53'),
(3, 'گوشی-موبایل-آنر-مدل-x8c-دو-سیم-کارت-ظرفیت-256-گیگابایت-و-رم-8-گیگابایت', 'خرید اینترنتی گوشی موبایل آنر مدل X8c دو سیم کارت ظرفیت 256 گیگابایت و رم 8 گیگابایت با رنگبندی مشکی، سفید، سبز به همراه مقایسه، بررسی مشخصات و لیست قیمت امروز در فروشگاه اینترنتی دیجی‌کالا', 'خرید اینترنتی گوشی موبایل آنر مدل X8c دو سیم کارت ظرفیت 256 گیگابایت و رم 8 گیگابایت با رنگبندی مشکی، سفید، سبز به همراه مقایسه، بررسی مشخصات و لیست قیمت امروز در فروشگاه اینترنتی دیجی‌کالا\n', 'product', 3, NULL, '2025-10-10 17:47:10', '2025-10-10 17:47:10'),
(4, 'گوشی-شیائومی-redmi-note-14-4g-رجیسترشده-دو-سیمکارت-256-گیگابایت-با-رم-8-گیگابایت', 'خرید اینترنتی گوشی موبایل شیائومی مدل Redmi Note 14 4G دو سیم کارت ظرفیت 256 گیگابایت و رم 8 گیگابایت با رنگبندی مشکی، سبز، آبی، بنفش، طلایی به همراه مقایسه، بررسی مشخصات و لیست قیمت امروز در فروشگاه اینترنتی دیجی‌کالا', 'خرید اینترنتی گوشی موبایل شیائومی مدل Redmi Note 14 4G دو سیم کارت ظرفیت 256 گیگابایت و رم 8 گیگابایت با رنگبندی مشکی، سبز، آبی، بنفش، طلایی به همراه مقایسه، بررسی مشخصات و لیست قیمت امروز در فروشگاه اینترنتی دیجی‌کالا\n', 'product', 4, NULL, '2025-10-10 17:50:11', '2025-10-10 17:50:11'),
(5, 'گوشی-موبایل-سامسونگ-مدل-galaxy-a10-sm-a105fds-دو-سیم-کارت-ظرفیت-32-گیگابایت', 'خرید آنلاین ، عکس ، قیمت و مشخصات گوشی a10 سامسونگ در فروشگاه اینترنتی دیجی کالا', 'خرید آنلاین ، عکس ، قیمت و مشخصات گوشی a10 سامسونگ در فروشگاه اینترنتی دیجی کالا\n', 'product', 5, NULL, '2025-10-10 17:52:51', '2025-10-10 17:52:51'),
(6, 'گوشی-شیائومی-redmi-note-13-pro-5g-رجیسترشده-دو-سیمکارت-512-گیگابایت-با-رم-12-گیگابایتگوشی شیائومی Redmi Note 13 Pro 5G رجیستر‌شده دو سیم‌کارت 512 گیگابایت با رم 12 گیگابایت', 'گوشی شیائومی Redmi Note 13 Pro 5G رجیستر‌شده دو سیم‌کارت 512 گیگابایت با رم 12 گیگابایت', 'خرید اینترنتی گوشی موبایل شیائومی مدل Redmi Note 13 Pro 5G دو سیم کارت ظرفیت 512 گیگابایت و رم 12 گیگابایت با رنگبندی بنفش، مشکی به همراه مقایسه، بررسی مشخصات و لیست قیمت امروز در فروشگاه اینترنتی دیجی‌کالا\n', 'product', 6, NULL, '2025-10-10 17:56:15', '2025-10-10 17:56:15'),
(7, 'قیمت-و-خرید-گوشی-موبایل-هوآوی-مدل-y9s-stk-l21-دو-سیم-کارت-ظرفیت-128-گیگابایت', 'خرید اینترنتی گوشی موبایل هوآوی مدل Y9s STK-L21 دو سیم کارت ظرفیت 128 گیگابایت به همراه مقایسه، بررسی مشخصات و لیست قیمت امروز در فروشگاه اینترنتی دیجی‌کالا', 'خرید اینترنتی گوشی موبایل هوآوی مدل Y9s STK-L21 دو سیم کارت ظرفیت 128 گیگابایت به همراه مقایسه، بررسی مشخصات و لیست قیمت امروز در فروشگاه اینترنتی دیجی‌کالا\n', 'product', 7, NULL, '2025-10-10 17:59:40', '2025-10-10 17:59:40'),
(8, 'هندزفری-بلوتوثی-بیرداینامیک-مدل-amiron-300', 'خرید اینترنتی هندزفری بلوتوثی بیرداینامیک مدل AMIRON 300 با رنگبندی مشکی، کرم به همراه مقایسه، بررسی مشخصات و لیست قیمت امروز در فروشگاه اینترنتی دیجی‌کالا', 'خرید اینترنتی هندزفری بلوتوثی بیرداینامیک مدل AMIRON 300 با رنگبندی مشکی، کرم به همراه مقایسه، بررسی مشخصات و لیست قیمت امروز در فروشگاه اینترنتی دیجی‌کالا\n', 'product', 8, NULL, '2025-10-10 18:02:19', '2025-10-10 18:02:19'),
(9, 'هدفون-بلوتوثی-سوموس-تل-مدل-yas-sh24', 'خرید اینترنتی هدفون بلوتوثی سوموس تل مدل YAS-SH24 با رنگبندی نقره ای به همراه مقایسه، بررسی مشخصات و لیست قیمت امروز در فروشگاه اینترنتی دیجی‌کالا', 'خرید اینترنتی هدفون بلوتوثی سوموس تل مدل YAS-SH24 با رنگبندی نقره ای به همراه مقایسه، بررسی مشخصات و لیست قیمت امروز در فروشگاه اینترنتی دیجی‌کالا\n', 'product', 9, NULL, '2025-10-10 18:05:14', '2025-10-10 18:05:14'),
(10, 'قیمت-و-خرید-تلویزیون-ال-ای-دی-هوشمند-جی-پلاس-مدل-gtv-50mu722s-سایز-50-اینچ', 'قیمت و خرید تلویزیون ال ای دی هوشمند جی پلاس مدل GTV-50MU722S سایز 50 اینچ', 'خرید اینترنتی تلویزیون ال ای دی هوشمند جی پلاس مدل GTV-50MU722S سایز 50 اینچ به همراه مقایسه، بررسی مشخصات و لیست قیمت امروز در فروشگاه اینترنتی دیجی‌کالا\n', 'product', 10, NULL, '2025-10-10 18:07:46', '2025-10-10 18:07:46'),
(11, 'قیمت-و-خرید-تلویزیون-کیو-ال-ای-دی-هوشمند-تی-سی-ال-مدل-65c655-سایز-65-اینچ', 'قیمت و خرید تلویزیون کیو ال ای دی هوشمند تی سی ال مدل 65C655 سایز 65 اینچ', 'تلویزیون گیمینگ کیو ال ای دی QLED تی سی ال مدل 65C655 سایز 65 اینچ با کیفیت تصویر 4K، سیستم‌عامل Android 12، دارای پشتیبانی از زیرنویس فارسی، قابلیت Time Shift، Screen Mirroring، پنل VA، حداکثر نرخ به‌روزرسانی 60 هرتز، پشتیبانی از HDR10 و Dolby Vision\n', 'product', 11, NULL, '2025-10-10 18:10:11', '2025-10-10 18:10:11'),
(12, 'قیمت-و-خرید-گوشی-موبایل-اپل-مدل-iphone-16-plus-ch-دو-سیم-کارت-ظرفیت-256-گیگابایت-و-رم-8-گیگابایت-رجیستر-شده', 'خرید اینترنتی گوشی موبایل اپل مدل iPhone 16 Plus CH دو سیم کارت ظرفیت 256 گیگابایت و رم 8 گیگابایت - رجیستر شده به همراه مقایسه، بررسی مشخصات و لیست قیمت امروز در فروشگاه اینترنتی دیجی‌کالا', 'خرید اینترنتی گوشی موبایل اپل مدل iPhone 16 Plus CH دو سیم کارت ظرفیت 256 گیگابایت و رم 8 گیگابایت - رجیستر شده به همراه مقایسه، بررسی مشخصات و لیست قیمت امروز در فروشگاه اینترنتی دیجی‌کالا\n', 'product', 12, NULL, '2025-10-10 18:12:39', '2025-10-10 18:12:39');

-- --------------------------------------------------------

--
-- Table structure for table `sessions`
--

CREATE TABLE `sessions` (
  `id` varchar(255) NOT NULL,
  `user_id` bigint(20) UNSIGNED DEFAULT NULL,
  `ip_address` varchar(45) DEFAULT NULL,
  `user_agent` text DEFAULT NULL,
  `payload` longtext NOT NULL,
  `last_activity` int(11) NOT NULL
) ENGINE=InnoDB DEFAULT CHARSET=utf8mb4 COLLATE=utf8mb4_unicode_ci;

--
-- Dumping data for table `sessions`
--

INSERT INTO `sessions` (`id`, `user_id`, `ip_address`, `user_agent`, `payload`, `last_activity`) VALUES
('YAbQerApJhexunWCBVwWeS3uK0Pov3gWYmc9angi', NULL, '127.0.0.1', 'Mozilla/5.0 (Windows NT 10.0; Win64; x64) AppleWebKit/537.36 (KHTML, like Gecko) Chrome/141.0.0.0 Safari/537.36', 'YTo0OntzOjY6Il90b2tlbiI7czo0MDoiQUdEQVJweXRhRnlXT1R6a2VId0ZhT0ZwTEg0QmZhRXgwVmxBbEdGbyI7czoyMjoiUEhQREVCVUdCQVJfU1RBQ0tfREFUQSI7YTowOnt9czo5OiJfcHJldmlvdXMiO2E6MTp7czozOiJ1cmwiO3M6NDE6Imh0dHA6Ly8xMjcuMC4wLjE6ODAwMC9hZG1pbi9wcm9kdWN0L2luZGV4Ijt9czo2OiJfZmxhc2giO2E6Mjp7czozOiJvbGQiO2E6MDp7fXM6MzoibmV3IjthOjA6e319fQ==', 1761029764);

-- --------------------------------------------------------

--
-- Table structure for table `states`
--

CREATE TABLE `states` (
  `id` bigint(20) UNSIGNED NOT NULL,
  `name` varchar(255) NOT NULL,
  `country_id` bigint(20) UNSIGNED NOT NULL,
  `created_at` timestamp NULL DEFAULT NULL,
  `updated_at` timestamp NULL DEFAULT NULL
) ENGINE=InnoDB DEFAULT CHARSET=utf8mb4 COLLATE=utf8mb4_unicode_ci;

--
-- Dumping data for table `states`
--

INSERT INTO `states` (`id`, `name`, `country_id`, `created_at`, `updated_at`) VALUES
(1, 'آذربایجان شرقی', 22, '2025-10-21 06:55:29', '2025-10-21 06:55:29'),
(2, 'آذربایجان غربی', 22, '2025-10-21 06:55:29', '2025-10-21 06:55:29'),
(3, 'اردبیل', 22, '2025-10-21 06:55:29', '2025-10-21 06:55:29'),
(4, 'اصفهان', 22, '2025-10-21 06:55:29', '2025-10-21 06:55:29'),
(5, 'البرز', 22, '2025-10-21 06:55:29', '2025-10-21 06:55:29'),
(6, 'ایلام', 22, '2025-10-21 06:55:29', '2025-10-21 06:55:29'),
(7, 'بوشهر', 22, '2025-10-21 06:55:29', '2025-10-21 06:55:29'),
(8, 'تهران', 22, '2025-10-21 06:55:29', '2025-10-21 06:55:29'),
(9, 'چهارمحال و بختیاری', 22, '2025-10-21 06:55:29', '2025-10-21 06:55:29'),
(10, 'خراسان جنوبی', 22, '2025-10-21 06:55:29', '2025-10-21 06:55:29'),
(11, 'خراسان رضوی', 22, '2025-10-21 06:55:29', '2025-10-21 06:55:29'),
(12, 'خراسان شمالی', 22, '2025-10-21 06:55:29', '2025-10-21 06:55:29'),
(13, 'خوزستان', 22, '2025-10-21 06:55:29', '2025-10-21 06:55:29'),
(14, 'زنجان', 22, '2025-10-21 06:55:29', '2025-10-21 06:55:29'),
(15, 'سمنان', 22, '2025-10-21 06:55:29', '2025-10-21 06:55:29'),
(16, 'سیستان و بلوچستان', 22, '2025-10-21 06:55:29', '2025-10-21 06:55:29'),
(17, 'فارس', 22, '2025-10-21 06:55:29', '2025-10-21 06:55:29'),
(18, 'قزوین', 22, '2025-10-21 06:55:29', '2025-10-21 06:55:29'),
(19, 'قم', 22, '2025-10-21 06:55:29', '2025-10-21 06:55:29'),
(20, 'کردستان', 22, '2025-10-21 06:55:29', '2025-10-21 06:55:29'),
(21, 'کرمان', 22, '2025-10-21 06:55:29', '2025-10-21 06:55:29'),
(22, 'کرمانشاه', 22, '2025-10-21 06:55:29', '2025-10-21 06:55:29'),
(23, 'کهگیلویه و بویراحمد', 22, '2025-10-21 06:55:29', '2025-10-21 06:55:29'),
(24, 'گلستان', 22, '2025-10-21 06:55:29', '2025-10-21 06:55:29'),
(25, 'گیلان', 22, '2025-10-21 06:55:29', '2025-10-21 06:55:29'),
(26, 'لرستان', 22, '2025-10-21 06:55:29', '2025-10-21 06:55:29'),
(27, 'مازندران', 22, '2025-10-21 06:55:29', '2025-10-21 06:55:29'),
(28, 'مرکزی', 22, '2025-10-21 06:55:29', '2025-10-21 06:55:29'),
(29, 'هرمزگان', 22, '2025-10-21 06:55:29', '2025-10-21 06:55:29'),
(30, 'همدان', 22, '2025-10-21 06:55:29', '2025-10-21 06:55:29'),
(31, 'یزد', 22, '2025-10-21 06:55:29', '2025-10-21 06:55:29');

-- --------------------------------------------------------

--
-- Table structure for table `users`
--

CREATE TABLE `users` (
  `id` bigint(20) UNSIGNED NOT NULL,
  `name` varchar(255) DEFAULT NULL,
  `email` varchar(255) DEFAULT NULL,
  `mobile` varchar(255) DEFAULT NULL,
  `picture` timestamp NULL DEFAULT NULL,
  `password` varchar(255) DEFAULT NULL,
  `remember_token` varchar(100) DEFAULT NULL,
  `deleted_at` timestamp NULL DEFAULT NULL,
  `created_at` timestamp NULL DEFAULT NULL,
  `updated_at` timestamp NULL DEFAULT NULL
) ENGINE=InnoDB DEFAULT CHARSET=utf8mb4 COLLATE=utf8mb4_unicode_ci;

--
-- Indexes for dumped tables
--

--
-- Indexes for table `addresses`
--
ALTER TABLE `addresses`
  ADD PRIMARY KEY (`id`),
  ADD KEY `addresses_country_id_foreign` (`country_id`),
  ADD KEY `addresses_state_id_foreign` (`state_id`),
  ADD KEY `addresses_city_id_foreign` (`city_id`),
  ADD KEY `addresses_user_id_foreign` (`user_id`);

--
-- Indexes for table `admins`
--
ALTER TABLE `admins`
  ADD PRIMARY KEY (`id`),
  ADD UNIQUE KEY `admins_email_unique` (`email`),
  ADD UNIQUE KEY `admins_mobile_unique` (`mobile`);

--
-- Indexes for table `cache`
--
ALTER TABLE `cache`
  ADD PRIMARY KEY (`key`);

--
-- Indexes for table `cache_locks`
--
ALTER TABLE `cache_locks`
  ADD PRIMARY KEY (`key`);

--
-- Indexes for table `carts`
--
ALTER TABLE `carts`
  ADD PRIMARY KEY (`id`),
  ADD KEY `carts_product_id_foreign` (`product_id`),
  ADD KEY `carts_user_id_foreign` (`user_id`);

--
-- Indexes for table `categories`
--
ALTER TABLE `categories`
  ADD PRIMARY KEY (`id`),
  ADD KEY `categories_category_id_foreign` (`category_id`);

--
-- Indexes for table `category_features`
--
ALTER TABLE `category_features`
  ADD PRIMARY KEY (`id`),
  ADD KEY `category_features_category_id_foreign` (`category_id`);

--
-- Indexes for table `category_feature_values`
--
ALTER TABLE `category_feature_values`
  ADD PRIMARY KEY (`id`),
  ADD KEY `category_feature_values_category_feature_id_foreign` (`category_feature_id`);

--
-- Indexes for table `cities`
--
ALTER TABLE `cities`
  ADD PRIMARY KEY (`id`),
  ADD KEY `cities_state_id_foreign` (`state_id`);

--
-- Indexes for table `countries`
--
ALTER TABLE `countries`
  ADD PRIMARY KEY (`id`);

--
-- Indexes for table `delivery_methods`
--
ALTER TABLE `delivery_methods`
  ADD PRIMARY KEY (`id`);

--
-- Indexes for table `failed_jobs`
--
ALTER TABLE `failed_jobs`
  ADD PRIMARY KEY (`id`),
  ADD UNIQUE KEY `failed_jobs_uuid_unique` (`uuid`);

--
-- Indexes for table `jobs`
--
ALTER TABLE `jobs`
  ADD PRIMARY KEY (`id`),
  ADD KEY `jobs_queue_index` (`queue`);

--
-- Indexes for table `job_batches`
--
ALTER TABLE `job_batches`
  ADD PRIMARY KEY (`id`);

--
-- Indexes for table `migrations`
--
ALTER TABLE `migrations`
  ADD PRIMARY KEY (`id`);

--
-- Indexes for table `orders`
--
ALTER TABLE `orders`
  ADD PRIMARY KEY (`id`),
  ADD KEY `orders_user_id_foreign` (`user_id`),
  ADD KEY `orders_payment_method_id_foreign` (`payment_method_id`),
  ADD KEY `orders_delivery_method_id_foreign` (`delivery_method_id`),
  ADD KEY `orders_address_id_foreign` (`address_id`);

--
-- Indexes for table `order_items`
--
ALTER TABLE `order_items`
  ADD PRIMARY KEY (`id`),
  ADD KEY `order_items_order_id_foreign` (`order_id`),
  ADD KEY `order_items_product_id_foreign` (`product_id`);

--
-- Indexes for table `password_reset_tokens`
--
ALTER TABLE `password_reset_tokens`
  ADD PRIMARY KEY (`email`);

--
-- Indexes for table `payments`
--
ALTER TABLE `payments`
  ADD PRIMARY KEY (`id`);

--
-- Indexes for table `payment_methods`
--
ALTER TABLE `payment_methods`
  ADD PRIMARY KEY (`id`);

--
-- Indexes for table `products`
--
ALTER TABLE `products`
  ADD PRIMARY KEY (`id`),
  ADD UNIQUE KEY `products_p_code_unique` (`p_code`),
  ADD KEY `products_seller_id_foreign` (`seller_id`),
  ADD KEY `products_category_id_foreign` (`category_id`);

--
-- Indexes for table `product_feature_values`
--
ALTER TABLE `product_feature_values`
  ADD PRIMARY KEY (`id`),
  ADD KEY `product_feature_values_product_id_foreign` (`product_id`),
  ADD KEY `product_feature_values_category_feature_id_foreign` (`category_feature_id`),
  ADD KEY `product_feature_values_category_feature_value_id_foreign` (`category_feature_value_id`);

--
-- Indexes for table `product_images`
--
ALTER TABLE `product_images`
  ADD PRIMARY KEY (`id`),
  ADD KEY `product_images_product_id_foreign` (`product_id`);

--
-- Indexes for table `product_reviews`
--
ALTER TABLE `product_reviews`
  ADD PRIMARY KEY (`id`),
  ADD KEY `product_reviews_product_id_foreign` (`product_id`),
  ADD KEY `product_reviews_user_id_foreign` (`user_id`);

--
-- Indexes for table `sellers`
--
ALTER TABLE `sellers`
  ADD PRIMARY KEY (`id`);

--
-- Indexes for table `seo_items`
--
ALTER TABLE `seo_items`
  ADD PRIMARY KEY (`id`);

--
-- Indexes for table `sessions`
--
ALTER TABLE `sessions`
  ADD PRIMARY KEY (`id`),
  ADD KEY `sessions_user_id_index` (`user_id`),
  ADD KEY `sessions_last_activity_index` (`last_activity`);

--
-- Indexes for table `states`
--
ALTER TABLE `states`
  ADD PRIMARY KEY (`id`),
  ADD KEY `states_country_id_foreign` (`country_id`);

--
-- Indexes for table `users`
--
ALTER TABLE `users`
  ADD PRIMARY KEY (`id`),
  ADD UNIQUE KEY `users_email_unique` (`email`),
  ADD UNIQUE KEY `users_mobile_unique` (`mobile`);

--
-- AUTO_INCREMENT for dumped tables
--

--
-- AUTO_INCREMENT for table `addresses`
--
ALTER TABLE `addresses`
  MODIFY `id` bigint(20) UNSIGNED NOT NULL AUTO_INCREMENT;

--
-- AUTO_INCREMENT for table `admins`
--
ALTER TABLE `admins`
  MODIFY `id` bigint(20) UNSIGNED NOT NULL AUTO_INCREMENT;

--
-- AUTO_INCREMENT for table `carts`
--
ALTER TABLE `carts`
  MODIFY `id` bigint(20) UNSIGNED NOT NULL AUTO_INCREMENT;

--
-- AUTO_INCREMENT for table `categories`
--
ALTER TABLE `categories`
  MODIFY `id` bigint(20) UNSIGNED NOT NULL AUTO_INCREMENT, AUTO_INCREMENT=8;

--
-- AUTO_INCREMENT for table `category_features`
--
ALTER TABLE `category_features`
  MODIFY `id` bigint(20) UNSIGNED NOT NULL AUTO_INCREMENT, AUTO_INCREMENT=47;

--
-- AUTO_INCREMENT for table `category_feature_values`
--
ALTER TABLE `category_feature_values`
  MODIFY `id` bigint(20) UNSIGNED NOT NULL AUTO_INCREMENT, AUTO_INCREMENT=40;

--
-- AUTO_INCREMENT for table `cities`
--
ALTER TABLE `cities`
  MODIFY `id` bigint(20) UNSIGNED NOT NULL AUTO_INCREMENT, AUTO_INCREMENT=276;

--
-- AUTO_INCREMENT for table `countries`
--
ALTER TABLE `countries`
  MODIFY `id` bigint(20) UNSIGNED NOT NULL AUTO_INCREMENT, AUTO_INCREMENT=155;

--
-- AUTO_INCREMENT for table `delivery_methods`
--
ALTER TABLE `delivery_methods`
  MODIFY `id` bigint(20) UNSIGNED NOT NULL AUTO_INCREMENT;

--
-- AUTO_INCREMENT for table `failed_jobs`
--
ALTER TABLE `failed_jobs`
  MODIFY `id` bigint(20) UNSIGNED NOT NULL AUTO_INCREMENT;

--
-- AUTO_INCREMENT for table `jobs`
--
ALTER TABLE `jobs`
  MODIFY `id` bigint(20) UNSIGNED NOT NULL AUTO_INCREMENT;

--
-- AUTO_INCREMENT for table `migrations`
--
ALTER TABLE `migrations`
  MODIFY `id` int(10) UNSIGNED NOT NULL AUTO_INCREMENT, AUTO_INCREMENT=24;

--
-- AUTO_INCREMENT for table `orders`
--
ALTER TABLE `orders`
  MODIFY `id` bigint(20) UNSIGNED NOT NULL AUTO_INCREMENT;

--
-- AUTO_INCREMENT for table `order_items`
--
ALTER TABLE `order_items`
  MODIFY `id` bigint(20) UNSIGNED NOT NULL AUTO_INCREMENT;

--
-- AUTO_INCREMENT for table `payments`
--
ALTER TABLE `payments`
  MODIFY `id` bigint(20) UNSIGNED NOT NULL AUTO_INCREMENT;

--
-- AUTO_INCREMENT for table `payment_methods`
--
ALTER TABLE `payment_methods`
  MODIFY `id` bigint(20) UNSIGNED NOT NULL AUTO_INCREMENT;

--
-- AUTO_INCREMENT for table `products`
--
ALTER TABLE `products`
  MODIFY `id` bigint(20) UNSIGNED NOT NULL AUTO_INCREMENT, AUTO_INCREMENT=13;

--
-- AUTO_INCREMENT for table `product_feature_values`
--
ALTER TABLE `product_feature_values`
  MODIFY `id` bigint(20) UNSIGNED NOT NULL AUTO_INCREMENT, AUTO_INCREMENT=24;

--
-- AUTO_INCREMENT for table `product_images`
--
ALTER TABLE `product_images`
  MODIFY `id` bigint(20) UNSIGNED NOT NULL AUTO_INCREMENT, AUTO_INCREMENT=70;

--
-- AUTO_INCREMENT for table `product_reviews`
--
ALTER TABLE `product_reviews`
  MODIFY `id` bigint(20) UNSIGNED NOT NULL AUTO_INCREMENT;

--
-- AUTO_INCREMENT for table `sellers`
--
ALTER TABLE `sellers`
  MODIFY `id` bigint(20) UNSIGNED NOT NULL AUTO_INCREMENT, AUTO_INCREMENT=3;

--
-- AUTO_INCREMENT for table `seo_items`
--
ALTER TABLE `seo_items`
  MODIFY `id` bigint(20) UNSIGNED NOT NULL AUTO_INCREMENT, AUTO_INCREMENT=13;

--
-- AUTO_INCREMENT for table `states`
--
ALTER TABLE `states`
  MODIFY `id` bigint(20) UNSIGNED NOT NULL AUTO_INCREMENT, AUTO_INCREMENT=32;

--
-- AUTO_INCREMENT for table `users`
--
ALTER TABLE `users`
  MODIFY `id` bigint(20) UNSIGNED NOT NULL AUTO_INCREMENT;

--
-- Constraints for dumped tables
--

--
-- Constraints for table `addresses`
--
ALTER TABLE `addresses`
  ADD CONSTRAINT `addresses_city_id_foreign` FOREIGN KEY (`city_id`) REFERENCES `cities` (`id`),
  ADD CONSTRAINT `addresses_country_id_foreign` FOREIGN KEY (`country_id`) REFERENCES `countries` (`id`),
  ADD CONSTRAINT `addresses_state_id_foreign` FOREIGN KEY (`state_id`) REFERENCES `states` (`id`),
  ADD CONSTRAINT `addresses_user_id_foreign` FOREIGN KEY (`user_id`) REFERENCES `users` (`id`);

--
-- Constraints for table `carts`
--
ALTER TABLE `carts`
  ADD CONSTRAINT `carts_product_id_foreign` FOREIGN KEY (`product_id`) REFERENCES `products` (`id`),
  ADD CONSTRAINT `carts_user_id_foreign` FOREIGN KEY (`user_id`) REFERENCES `users` (`id`);

--
-- Constraints for table `categories`
--
ALTER TABLE `categories`
  ADD CONSTRAINT `categories_category_id_foreign` FOREIGN KEY (`category_id`) REFERENCES `categories` (`id`);

--
-- Constraints for table `category_features`
--
ALTER TABLE `category_features`
  ADD CONSTRAINT `category_features_category_id_foreign` FOREIGN KEY (`category_id`) REFERENCES `categories` (`id`);

--
-- Constraints for table `category_feature_values`
--
ALTER TABLE `category_feature_values`
  ADD CONSTRAINT `category_feature_values_category_feature_id_foreign` FOREIGN KEY (`category_feature_id`) REFERENCES `category_features` (`id`);

--
-- Constraints for table `cities`
--
ALTER TABLE `cities`
  ADD CONSTRAINT `cities_state_id_foreign` FOREIGN KEY (`state_id`) REFERENCES `states` (`id`);

--
-- Constraints for table `orders`
--
ALTER TABLE `orders`
  ADD CONSTRAINT `orders_address_id_foreign` FOREIGN KEY (`address_id`) REFERENCES `addresses` (`id`),
  ADD CONSTRAINT `orders_delivery_method_id_foreign` FOREIGN KEY (`delivery_method_id`) REFERENCES `delivery_methods` (`id`),
  ADD CONSTRAINT `orders_payment_method_id_foreign` FOREIGN KEY (`payment_method_id`) REFERENCES `payment_methods` (`id`),
  ADD CONSTRAINT `orders_user_id_foreign` FOREIGN KEY (`user_id`) REFERENCES `users` (`id`);

--
-- Constraints for table `order_items`
--
ALTER TABLE `order_items`
  ADD CONSTRAINT `order_items_order_id_foreign` FOREIGN KEY (`order_id`) REFERENCES `orders` (`id`),
  ADD CONSTRAINT `order_items_product_id_foreign` FOREIGN KEY (`product_id`) REFERENCES `products` (`id`);

--
-- Constraints for table `products`
--
ALTER TABLE `products`
  ADD CONSTRAINT `products_category_id_foreign` FOREIGN KEY (`category_id`) REFERENCES `categories` (`id`),
  ADD CONSTRAINT `products_seller_id_foreign` FOREIGN KEY (`seller_id`) REFERENCES `sellers` (`id`);

--
-- Constraints for table `product_feature_values`
--
ALTER TABLE `product_feature_values`
  ADD CONSTRAINT `product_feature_values_category_feature_id_foreign` FOREIGN KEY (`category_feature_id`) REFERENCES `category_features` (`id`),
  ADD CONSTRAINT `product_feature_values_category_feature_value_id_foreign` FOREIGN KEY (`category_feature_value_id`) REFERENCES `category_feature_values` (`id`),
  ADD CONSTRAINT `product_feature_values_product_id_foreign` FOREIGN KEY (`product_id`) REFERENCES `products` (`id`);

--
-- Constraints for table `product_images`
--
ALTER TABLE `product_images`
  ADD CONSTRAINT `product_images_product_id_foreign` FOREIGN KEY (`product_id`) REFERENCES `products` (`id`);

--
-- Constraints for table `product_reviews`
--
ALTER TABLE `product_reviews`
  ADD CONSTRAINT `product_reviews_product_id_foreign` FOREIGN KEY (`product_id`) REFERENCES `products` (`id`),
  ADD CONSTRAINT `product_reviews_user_id_foreign` FOREIGN KEY (`user_id`) REFERENCES `users` (`id`);

--
-- Constraints for table `states`
--
ALTER TABLE `states`
  ADD CONSTRAINT `states_country_id_foreign` FOREIGN KEY (`country_id`) REFERENCES `countries` (`id`);
COMMIT;

/*!40101 SET CHARACTER_SET_CLIENT=@OLD_CHARACTER_SET_CLIENT */;
/*!40101 SET CHARACTER_SET_RESULTS=@OLD_CHARACTER_SET_RESULTS */;
/*!40101 SET COLLATION_CONNECTION=@OLD_COLLATION_CONNECTION */;
